{"type":"FeatureCollection","features":[{"type":"Feature","id":"vietnam_districts.5","geometry":{"type":"MultiPolygon","coordinates":[[[[105.84924316400009,21.054376602000048],[105.85635376000005,21.04243087800006],[105.85080719000007,21.040254593000043],[105.85002136200006,21.040756226000042],[105.84461212200006,21.039363861000027],[105.84405132100005,21.030113782000058],[105.84156036400009,21.028839111000025],[105.83932495100004,21.028451920000066],[105.83911132800006,21.029541016000053],[105.83814239500003,21.029312134000065],[105.83583068800004,21.03048515300003],[105.83474731400008,21.02982521100006],[105.83406829800003,21.030990601000042],[105.83357238800005,21.030551910000042],[105.83215332000009,21.03154754600007],[105.83173370400004,21.030227661000026],[105.82972717300004,21.030212402000075],[105.83026123000008,21.032091141000024],[105.82881927500006,21.032020569000053],[105.82735443100006,21.029567719000056],[105.81980896000005,21.023395538000045],[105.82108306900005,21.02315139800004],[105.81933593700006,21.019058228000063],[105.81599426300005,21.016126633000056],[105.81059265100004,21.018724442000064],[105.81137085000006,21.02006721500004],[105.81039428700007,21.020559311000056],[105.81197357200006,21.021539688000075],[105.81147766100008,21.024507523000068],[105.81027984600007,21.026201248000064],[105.80979156500007,21.02559280400004],[105.80693054200003,21.025764465000066],[105.80661010700004,21.027442932000042],[105.80135345500008,21.030233383000052],[105.80631256100008,21.036941528000057],[105.80617523200004,21.040075302000048],[105.80711364700005,21.040107727000077],[105.80598449700005,21.043495178000057],[105.80609893800005,21.04764175400004],[105.81093860200008,21.046159174000024],[105.81533813500005,21.04264259300004],[105.82180023200004,21.041801453000062],[105.82855987500005,21.03957366900005],[105.83100891100008,21.041707993000045],[105.83628845200008,21.04165458700004],[105.83585357700008,21.042713165000066],[105.83671569800003,21.046825409000064],[105.83927917500006,21.05005073500007],[105.84001159700006,21.050630569000077],[105.84211731000005,21.048509598000066],[105.84421539300007,21.049287796000044],[105.84924316400009,21.054376602000048]]]]},"geometry_name":"the_geom","properties":{"OBJECTID":5,"Ma":"001","Ten":"Quận Ba Đình","Cap":"Quận","MaTP":"01","Tinh_Thanh":"Thành phố Hà Nội","Name":"Ba Dinh District","Province":"Ha Noi City","name":"Ba Đình"}},{"type":"Feature","id":"vietnam_districts.6","geometry":{"type":"MultiPolygon","coordinates":[[[[105.85832214400006,21.040288925000027],[105.86071777300003,21.034936905000052],[105.86462402300003,21.03026390100007],[105.86779785200008,21.019887924000045],[105.86108398400006,21.018413544000055],[105.85875701900005,21.019065857000044],[105.85594940200008,21.018930435000073],[105.85456848100006,21.018123627000023],[105.85223388700007,21.018781662000038],[105.85201263400006,21.01820945700007],[105.85097503700007,21.018394470000032],[105.85118866000005,21.01913452100007],[105.85036468500005,21.019386292000036],[105.84970092800006,21.018659592000063],[105.84144982400005,21.021158111000034],[105.84091186500007,21.021053314000028],[105.84156036400009,21.028839111000025],[105.84405132100005,21.030113782000058],[105.84461212200006,21.039363861000027],[105.85002136200006,21.040756226000042],[105.85080719000007,21.040254593000043],[105.85635376000005,21.04243087800006],[105.85832214400006,21.040288925000027]]]]},"geometry_name":"the_geom","properties":{"OBJECTID":19,"Ma":"002","Ten":"Quận Hoàn Kiếm","Cap":"Quận","MaTP":"01","Tinh_Thanh":"Thành phố Hà Nội","Name":"Hoan Kiem District","Province":"Ha Noi City","name":"Hoàn Kiếm"}},{"type":"Feature","id":"vietnam_districts.7","geometry":{"type":"MultiPolygon","coordinates":[[[[105.83590698200004,21.085361481000064],[105.84167480500008,21.08115577700005],[105.84356689500004,21.071929932000046],[105.84924316400009,21.054376602000048],[105.84421539300007,21.049287796000044],[105.84211731000005,21.048509598000066],[105.84001159700006,21.050630569000077],[105.83927917500006,21.05005073500007],[105.83671569800003,21.046825409000064],[105.83585357700008,21.042713165000066],[105.83628845200008,21.04165458700004],[105.83100891100008,21.041707993000045],[105.82855987500005,21.03957366900005],[105.82180023200004,21.041801453000062],[105.81533813500005,21.04264259300004],[105.81093860200008,21.046159174000024],[105.80609893800005,21.04764175400004],[105.80912780800008,21.05240249600007],[105.80886840800008,21.058895111000027],[105.80818176300005,21.058704376000037],[105.80821991000005,21.05553627000006],[105.80654907200005,21.056074142000057],[105.80596160900006,21.05565452600007],[105.80551147500006,21.05520057700005],[105.80623626700009,21.05422020000003],[105.80545806900005,21.053007126000068],[105.80317688000008,21.051471710000044],[105.80184936500007,21.049522400000058],[105.79994201700003,21.04952621500007],[105.79824829100005,21.047668457000043],[105.79490661600005,21.050317764000056],[105.79992675800008,21.055334091000077],[105.79663085900006,21.058027267000057],[105.80499267600004,21.065879822000056],[105.80387115500008,21.067592621000074],[105.80477142300003,21.068929672000024],[105.80335463200004,21.070023499000058],[105.80375671400009,21.072376251000037],[105.79998779300007,21.073848724000072],[105.80113983200005,21.078449249000073],[105.79940033000008,21.07866096500004],[105.79944610600006,21.07964325000006],[105.79584503200005,21.08024787900007],[105.79457092300004,21.079301834000034],[105.79393005400004,21.080030441000076],[105.79307556200007,21.09014892600004],[105.79172515900007,21.090167999000073],[105.79178619400005,21.09119415300006],[105.79523468000008,21.09829521200004],[105.79846954300007,21.100635529000044],[105.80165863000008,21.101911545000064],[105.80558013900009,21.10301780700007],[105.80923461900005,21.102422714000056],[105.81617736800007,21.098762512000064],[105.82395935100004,21.096208572000023],[105.82877349900008,21.09378433200004],[105.83204650900007,21.090677261000053],[105.83590698200004,21.085361481000064]]]]},"geometry_name":"the_geom","properties":{"OBJECTID":37,"Ma":"003","Ten":"Quận Tây Hồ","Cap":"Quận","MaTP":"01","Tinh_Thanh":"Thành phố Hà Nội","Name":"Tay Ho District","Province":"Ha Noi City","name":"Tây Hồ"}},{"type":"Feature","id":"vietnam_districts.8","geometry":{"type":"MultiPolygon","coordinates":[[[[105.86647033700007,21.066442490000043],[105.87269592300004,21.068315506000033],[105.88584899900007,21.076498032000075],[105.89073944100005,21.078454971000042],[105.89772033700007,21.079790115000037],[105.90273284900007,21.078601837000065],[105.91855621300004,21.07588768000005],[105.92375946000004,21.07280159000004],[105.92775726300005,21.067718506000062],[105.93193054200003,21.05933761600005],[105.93802642800006,21.040096283000025],[105.93480682400008,21.035701752000023],[105.93508911100008,21.035076141000047],[105.93316650400004,21.03318786600005],[105.93359375000006,21.03257751500007],[105.92774200400004,21.027088165000066],[105.92718505900007,21.025657654000042],[105.92918396000005,21.02483367900004],[105.92973327600004,21.02601432800003],[105.93486022900004,21.024681091000048],[105.93424987800006,21.023923874000047],[105.93510437000003,21.023603439000055],[105.93465423600009,21.022527695000065],[105.93794250500008,21.02111244200006],[105.92591095000006,21.019805908000023],[105.92606353800005,21.01727676400003],[105.92288208000008,21.016839981000032],[105.92414856000005,21.01439857500003],[105.92224121100008,21.01414299000004],[105.92258453400007,21.012107849000074],[105.91993713400007,21.01193618800005],[105.92056274400005,21.004375458000027],[105.91445159900007,21.00202179000007],[105.91010284400005,21.00493812600007],[105.90380096400008,21.002307892000033],[105.90459442100007,21.000764847000028],[105.90068817100007,20.994285583000078],[105.89408111600005,20.99901390100007],[105.88307189900007,21.002700806000064],[105.87654113800005,21.004447937000066],[105.87184143100006,21.00845146200004],[105.86999511700009,21.011039734000065],[105.86779785200008,21.019887924000045],[105.86462402300003,21.03026390100007],[105.86071777300003,21.034936905000052],[105.85832214400006,21.040288925000027],[105.85635376000005,21.04243087800006],[105.84924316400009,21.054376602000048],[105.84356689500004,21.071929932000046],[105.84167480500008,21.08115577700005],[105.84564209000007,21.080053329000066],[105.86120605500008,21.068099976000042],[105.86383056600005,21.066699982000046],[105.86647033700007,21.066442490000043]]]]},"geometry_name":"the_geom","properties":{"OBJECTID":45,"Ma":"004","Ten":"Quận Long Biên","Cap":"Quận","MaTP":"01","Tinh_Thanh":"Thành phố Hà Nội","Name":"Long Bien District","Province":"Ha Noi City","name":"Long Biên"}},{"type":"Feature","id":"vietnam_districts.9","geometry":{"type":"MultiPolygon","coordinates":[[[[105.80886840800008,21.058895111000027],[105.80912780800008,21.05240249600007],[105.80609893800005,21.04764175400004],[105.80598449700005,21.043495178000057],[105.80711364700005,21.040107727000077],[105.80617523200004,21.040075302000048],[105.80631256100008,21.036941528000057],[105.80135345500008,21.030233383000052],[105.79817199700005,21.026544571000045],[105.79788208000008,21.023889542000063],[105.80031585700004,21.021759033000023],[105.80422973600008,21.015680313000075],[105.81349491700007,21.008819713000037],[105.81208801300005,21.007202148000033],[105.81054687500006,21.006969452000078],[105.80863189700005,21.008066177000046],[105.80725097700008,21.007097244000022],[105.80465698200004,21.008544922000056],[105.79882049600008,21.00406837500003],[105.79299163800005,21.001121521000073],[105.79247283900008,21.000740051000037],[105.79138183600008,21.002359390000038],[105.79267120400004,21.003217697000025],[105.78942108200005,21.007175446000076],[105.79156494100005,21.008749008000052],[105.79022216800007,21.010400772000025],[105.79126739500003,21.01113891600005],[105.78605651900006,21.01758003200007],[105.78504943800004,21.017538071000047],[105.78333282500006,21.020383835000075],[105.78404998800005,21.022760391000077],[105.78388214100005,21.02922058100006],[105.78172302200005,21.029033661000028],[105.78185272200005,21.031255722000026],[105.77545160700004,21.031638974000032],[105.77544403100006,21.032716751000066],[105.77372741700003,21.03277397200003],[105.77391815200008,21.033657074000075],[105.77282714800003,21.034614563000048],[105.76866149900007,21.035959244000026],[105.76872253400006,21.036708832000045],[105.76797485400004,21.036972046000074],[105.76770019500009,21.03972435000003],[105.76875305200008,21.04245185900004],[105.77149963400007,21.045349121000072],[105.77447509800004,21.04841423000005],[105.78153228800005,21.049570084000038],[105.78113555900006,21.044075012000064],[105.78495025600006,21.043825150000032],[105.78637544500003,21.044302109000057],[105.78639221200007,21.046131134000063],[105.79032135000006,21.04614448500007],[105.79016113300008,21.04731559800007],[105.78808593700006,21.04658317600007],[105.78852081300005,21.047210693000068],[105.78674316400009,21.049432755000055],[105.78694915800008,21.051240921000044],[105.78928375200007,21.051897049000047],[105.78993988000008,21.04922866800007],[105.79148101800007,21.049043655000048],[105.79152679400005,21.047903061000056],[105.79004669200003,21.04819297800003],[105.79069519000006,21.04770660400004],[105.79075622600004,21.046157837000067],[105.79462432900004,21.046194077000052],[105.79499816900005,21.048660278000057],[105.79415130600006,21.049837112000034],[105.79490661600005,21.050317764000056],[105.79824829100005,21.047668457000043],[105.79994201700003,21.04952621500007],[105.80184936500007,21.049522400000058],[105.80317688000008,21.051471710000044],[105.80545806900005,21.053007126000068],[105.80623626700009,21.05422020000003],[105.80551147500006,21.05520057700005],[105.80596160900006,21.05565452600007],[105.80654907200005,21.056074142000057],[105.80821991000005,21.05553627000006],[105.80818176300005,21.058704376000037],[105.80886840800008,21.058895111000027]]]]},"geometry_name":"the_geom","properties":{"OBJECTID":59,"Ma":"005","Ten":"Quận Cầu Giấy","Cap":"Quận","MaTP":"01","Tinh_Thanh":"Thành phố Hà Nội","Name":"Cau Giay District","Province":"Ha Noi City","name":"Cầu Giấy"}},{"type":"Feature","id":"vietnam_districts.10","geometry":{"type":"MultiPolygon","coordinates":[[[[105.83026123000008,21.032091141000024],[105.82972717300004,21.030212402000075],[105.83173370400004,21.030227661000026],[105.83215332000009,21.03154754600007],[105.83357238800005,21.030551910000042],[105.83406829800003,21.030990601000042],[105.83474731400008,21.02982521100006],[105.83583068800004,21.03048515300003],[105.83814239500003,21.029312134000065],[105.83911132800006,21.029541016000053],[105.83932495100004,21.028451920000066],[105.84156036400009,21.028839111000025],[105.84091186500007,21.021053314000028],[105.84144982400005,21.021158111000034],[105.84134674100005,21.000436783000055],[105.84270477300004,20.997272491000047],[105.82576014600005,21.001527719000023],[105.82437133800005,21.00132560700007],[105.82445526100008,21.00185203600006],[105.82020568800004,21.003108978000057],[105.81813049300007,21.001585007000074],[105.81639862100008,21.005626678000056],[105.81349491700007,21.008819713000037],[105.80422973600008,21.015680313000075],[105.80031585700004,21.021759033000023],[105.79788208000008,21.023889542000063],[105.79817199700005,21.026544571000045],[105.80135345500008,21.030233383000052],[105.80661010700004,21.027442932000042],[105.80693054200003,21.025764465000066],[105.80979156500007,21.02559280400004],[105.81027984600007,21.026201248000064],[105.81147766100008,21.024507523000068],[105.81197357200006,21.021539688000075],[105.81039428700007,21.020559311000056],[105.81137085000006,21.02006721500004],[105.81059265100004,21.018724442000064],[105.81599426300005,21.016126633000056],[105.81933593700006,21.019058228000063],[105.82108306900005,21.02315139800004],[105.81980896000005,21.023395538000045],[105.82735443100006,21.029567719000056],[105.82881927500006,21.032020569000053],[105.83026123000008,21.032091141000024]]]]},"geometry_name":"the_geom","properties":{"OBJECTID":67,"Ma":"006","Ten":"Quận Đống Đa","Cap":"Quận","MaTP":"01","Tinh_Thanh":"Thành phố Hà Nội","Name":"Dong Da District","Province":"Ha Noi City","name":"Đống Đa"}},{"type":"Feature","id":"vietnam_districts.11","geometry":{"type":"MultiPolygon","coordinates":[[[[105.84970092800006,21.018659592000063],[105.85036468500005,21.019386292000036],[105.85118866000005,21.01913452100007],[105.85097503700007,21.018394470000032],[105.85201263400006,21.01820945700007],[105.85223388700007,21.018781662000038],[105.85456848100006,21.018123627000023],[105.85594940200008,21.018930435000073],[105.85875701900005,21.019065857000044],[105.86108398400006,21.018413544000055],[105.86779785200008,21.019887924000045],[105.86999511700009,21.011039734000065],[105.87184143100006,21.00845146200004],[105.87654113800005,21.004447937000066],[105.88307189900007,21.002700806000064],[105.88233947800006,21.00132560700007],[105.87946319600007,21.000782013000048],[105.87538909900007,21.002410889000032],[105.87529754600007,21.001138687000036],[105.87856292700008,21.000093460000073],[105.87797546400009,20.99717140200005],[105.87583160400004,20.997137070000065],[105.87593078600008,20.99427795400004],[105.87401580800008,20.99430084200003],[105.87371063200004,20.992734909000035],[105.86588287400008,20.99303436300005],[105.86589050300006,20.994625092000035],[105.86360168500005,20.994516373000067],[105.86358643300008,20.995627839000065],[105.86277771000005,20.996171951000065],[105.86225891100008,20.99609756500007],[105.86264801000004,20.992813110000043],[105.86119842500005,20.992679596000073],[105.86078643800005,20.99389648400006],[105.86189270000006,20.994594574000075],[105.86078643800005,20.995748520000063],[105.85871124300007,20.995285034000062],[105.85804238700007,20.993247530000076],[105.85678100600006,20.993173599000045],[105.85601806600005,20.99417495700004],[105.85358429000007,20.993696213000078],[105.85189056400009,20.994171143000074],[105.85042572000003,20.99304199200003],[105.85049438500005,20.992424011000026],[105.85150146500007,20.992424011000026],[105.85149383500004,20.99081230200005],[105.85059356700003,20.989969254000073],[105.84968566900005,20.990736008000056],[105.84864044200003,20.99016380300003],[105.84603881800007,20.991575241000078],[105.84591674800004,20.992645264000032],[105.84432983400006,20.994043350000027],[105.84280395500008,20.992090225000027],[105.84117889400005,20.992042542000036],[105.84281158400006,20.995447159000037],[105.84270477300004,20.997272491000047],[105.84134674100005,21.000436783000055],[105.84144982400005,21.021158111000034],[105.84970092800006,21.018659592000063]]]]},"geometry_name":"the_geom","properties":{"OBJECTID":88,"Ma":"007","Ten":"Quận Hai Bà Trưng","Cap":"Quận","MaTP":"01","Tinh_Thanh":"Thành phố Hà Nội","Name":"Hai Ba Trung District","Province":"Ha Noi City","name":"Hai Bà Trưng"}},{"type":"Feature","id":"vietnam_districts.12","geometry":{"type":"MultiPolygon","coordinates":[[[[105.89408111600005,20.99901390100007],[105.90068817100007,20.994285583000078],[105.90868377700008,20.986139297000022],[105.90980529800004,20.98357200600003],[105.90947723400006,20.981063843000072],[105.90287780800008,20.96776390100007],[105.89750671400009,20.960117340000068],[105.89015197800006,20.951688766000075],[105.88639831500006,20.945203781000032],[105.87921142600004,20.951190948000033],[105.87320709200009,20.955123901000036],[105.86991119400005,20.95040130600006],[105.86662292500006,20.951780319000022],[105.86628723100006,20.950874329000044],[105.86328125000006,20.951587677000077],[105.86003875700004,20.95368385300003],[105.85849762000004,20.95731353800005],[105.84989929200003,20.952941895000038],[105.84417724600007,20.951126099000078],[105.84268188500005,20.958185196000045],[105.83847045900006,20.95707321200007],[105.83803558300008,20.958059311000056],[105.83633422900004,20.957946777000075],[105.83596038800005,20.958896637000066],[105.83588409400005,20.958312988000046],[105.83513641400003,20.95837974500006],[105.83474731400008,20.956733704000044],[105.83399200400004,20.956630707000045],[105.83377075200008,20.955162048000034],[105.83148193400007,20.955404282000075],[105.83107757600004,20.954542160000074],[105.83180999800004,20.954118729000072],[105.83085632300003,20.95298957800003],[105.82542419400005,20.95653343200007],[105.82016754200004,20.957408905000023],[105.81806182900004,20.95943450900006],[105.81637573200004,20.959928513000023],[105.81638336200007,20.960727692000034],[105.81845855700004,20.96109008800005],[105.81809234600007,20.963129044000027],[105.82345581100009,20.967496872000027],[105.82498931900005,20.970741272000055],[105.81964874300007,20.972368240000037],[105.81799316400009,20.971138000000053],[105.81612396200006,20.971288681000033],[105.81562042200005,20.970155716000022],[105.81210327100007,20.970954895000034],[105.81109619100005,20.972669601000064],[105.80745837000006,20.973868568000057],[105.80979156500007,20.979227066000078],[105.80928802500006,20.979751587000067],[105.80976104700005,20.982667923000065],[105.81082916300005,20.981237411000052],[105.81344990100007,20.980719097000076],[105.81566619900008,20.98325347900004],[105.81835174600008,20.98073387100004],[105.81896972700008,20.982475281000063],[105.81868743900009,20.98436164900005],[105.82306671100008,20.98692894000004],[105.82848358200005,20.99360847500003],[105.83064270000006,20.992918015000043],[105.83192443800004,20.99031639100008],[105.83353424100005,20.989355087000035],[105.83566284200003,20.985546112000065],[105.83654022200005,20.985774994000053],[105.83751678500005,20.983871460000046],[105.84105682400008,20.985427856000058],[105.84117889400005,20.992042542000036],[105.84280395500008,20.992090225000027],[105.84432983400006,20.994043350000027],[105.84591674800004,20.992645264000032],[105.84603881800007,20.991575241000078],[105.84864044200003,20.99016380300003],[105.84968566900005,20.990736008000056],[105.85059356700003,20.989969254000073],[105.85149383500004,20.99081230200005],[105.85150146500007,20.992424011000026],[105.85049438500005,20.992424011000026],[105.85042572000003,20.99304199200003],[105.85189056400009,20.994171143000074],[105.85358429000007,20.993696213000078],[105.85601806600005,20.99417495700004],[105.85678100600006,20.993173599000045],[105.85804238700007,20.993247530000076],[105.85871124300007,20.995285034000062],[105.86078643800005,20.995748520000063],[105.86189270000006,20.994594574000075],[105.86078643800005,20.99389648400006],[105.86119842500005,20.992679596000073],[105.86264801000004,20.992813110000043],[105.86225891100008,20.99609756500007],[105.86277771000005,20.996171951000065],[105.86358643300008,20.995627839000065],[105.86360168500005,20.994516373000067],[105.86589050300006,20.994625092000035],[105.86588287400008,20.99303436300005],[105.87371063200004,20.992734909000035],[105.87401580800008,20.99430084200003],[105.87593078600008,20.99427795400004],[105.87583160400004,20.997137070000065],[105.87797546400009,20.99717140200005],[105.87856292700008,21.000093460000073],[105.87529754600007,21.001138687000036],[105.87538909900007,21.002410889000032],[105.87946319600007,21.000782013000048],[105.88233947800006,21.00132560700007],[105.88307189900007,21.002700806000064],[105.89408111600005,20.99901390100007]]]]},"geometry_name":"the_geom","properties":{"OBJECTID":108,"Ma":"008","Ten":"Quận Hoàng Mai","Cap":"Quận","MaTP":"01","Tinh_Thanh":"Thành phố Hà Nội","Name":"Hoang Mai District","Province":"Ha Noi City","name":"Hoàng Mai"}},{"type":"Feature","id":"vietnam_districts.13","geometry":{"type":"MultiPolygon","coordinates":[[[[105.81639862100008,21.005626678000056],[105.81813049300007,21.001585007000074],[105.82020568800004,21.003108978000057],[105.82445526100008,21.00185203600006],[105.82437133800005,21.00132560700007],[105.82576014600005,21.001527719000023],[105.84270477300004,20.997272491000047],[105.84281158400006,20.995447159000037],[105.84117889400005,20.992042542000036],[105.84105682400008,20.985427856000058],[105.83751678500005,20.983871460000046],[105.83654022200005,20.985774994000053],[105.83566284200003,20.985546112000065],[105.83353424100005,20.989355087000035],[105.83192443800004,20.99031639100008],[105.83064270000006,20.992918015000043],[105.82848358200005,20.99360847500003],[105.82306671100008,20.98692894000004],[105.81868743900009,20.98436164900005],[105.81896972700008,20.982475281000063],[105.81835174600008,20.98073387100004],[105.81566619900008,20.98325347900004],[105.81344990100007,20.980719097000076],[105.81082916300005,20.981237411000052],[105.80976104700005,20.982667923000065],[105.81002807600004,20.984312057000068],[105.80307006800007,20.986534119000055],[105.80177307100007,20.985673904000066],[105.80106353800005,20.986539841000024],[105.80021667500006,20.985988617000032],[105.80149841300005,20.984645844000056],[105.80110168500005,20.983255386000053],[105.79876709000007,20.984205246000045],[105.79785156200006,20.983558655000024],[105.79710388200004,20.98474311800004],[105.79666900600006,20.984323502000052],[105.79553222700008,20.986013412000034],[105.79917144800004,20.988611221000042],[105.79561615000006,20.99169349700003],[105.79674530000005,20.995182037000063],[105.79535675000005,20.995635986000025],[105.79586029100005,20.99847984300004],[105.79254150400004,20.999048233000053],[105.79299163800005,21.001121521000073],[105.79882049600008,21.00406837500003],[105.80465698200004,21.008544922000056],[105.80725097700008,21.007097244000022],[105.80863189700005,21.008066177000046],[105.81054687500006,21.006969452000078],[105.81208801300005,21.007202148000033],[105.81349491700007,21.008819713000037],[105.81639862100008,21.005626678000056]]]]},"geometry_name":"the_geom","properties":{"OBJECTID":122,"Ma":"009","Ten":"Quận Thanh Xuân","Cap":"Quận","MaTP":"01","Tinh_Thanh":"Thành phố Hà Nội","Name":"Thanh Xuan District","Province":"Ha Noi City","name":"Thanh Xuân"}},{"type":"Feature","id":"vietnam_districts.14","geometry":{"type":"MultiPolygon","coordinates":[[[[105.80202484100005,21.38441848800005],[105.80361175500008,21.384428024000044],[105.80485534700006,21.383031845000062],[105.81132507300003,21.381885529000044],[105.81270599400005,21.38043212900004],[105.81358337400007,21.381160736000027],[105.81380462600004,21.382810593000045],[105.81639862100008,21.382976532000043],[105.81674194300007,21.381879807000075],[105.82109069800003,21.379423141000075],[105.82141876200006,21.378025055000023],[105.82353210400004,21.378204346000075],[105.82524108900009,21.37687492400005],[105.82895660400004,21.376091003000056],[105.82975006100008,21.375238419000027],[105.83029174800004,21.375667572000054],[105.83198026900004,21.373294952000037],[105.83519744900008,21.37334442100007],[105.83603668200004,21.375205994000055],[105.83970642100007,21.377391815000067],[105.84466552700007,21.376920700000028],[105.84716033900008,21.37736129800004],[105.84942627000004,21.374303818000044],[105.85672760000006,21.37642097500003],[105.85885620100004,21.374193192000064],[105.85770416300005,21.371070862000067],[105.85925293000008,21.366907120000064],[105.85763549800004,21.36595344500006],[105.85553741500007,21.367689133000056],[105.85462188700006,21.367567062000035],[105.85279846200007,21.362375259000032],[105.85322570800008,21.359119415000066],[105.85170745800008,21.357818604000045],[105.85160283700009,21.356321482000055],[105.85181427000003,21.355278015000067],[105.85366058300008,21.354278564000026],[105.85470581100009,21.352338791000022],[105.85272979700005,21.351072311000053],[105.85238647500006,21.34907722500003],[105.85890197800006,21.345718384000065],[105.85846710200008,21.345006943000044],[105.85639190700005,21.345708847000026],[105.85557556200007,21.34379196200007],[105.85788726800007,21.33891296400003],[105.85958099400005,21.337905884000065],[105.86303710900006,21.33799743700007],[105.86332702600004,21.336296082000047],[105.86579895000006,21.333436966000022],[105.86682891800007,21.328348160000075],[105.86842346200007,21.326829910000072],[105.87166595500008,21.329738617000032],[105.87545013400006,21.327846527000077],[105.88381958000008,21.327512741000078],[105.88952636700009,21.325265884000032],[105.89179992700008,21.325542450000057],[105.89279174800004,21.326520920000064],[105.89676666300005,21.32765770000003],[105.89794921900005,21.32714653000005],[105.89924621600005,21.324928284000066],[105.89864349400005,21.314842224000074],[105.89685058600008,21.308843613000022],[105.89756012000004,21.307058334000033],[105.90101623500004,21.303968430000054],[105.90464782700008,21.30200958300003],[105.90802764900008,21.301530838000076],[105.91102600100004,21.302173615000072],[105.91497802700007,21.30540657000006],[105.91700744600007,21.30544662500006],[105.91754913300008,21.304126740000072],[105.91519928000008,21.297084808000022],[105.91628265400004,21.294961929000067],[105.91806030300006,21.294219971000075],[105.92352294900007,21.293973923000067],[105.92917633100006,21.295396805000053],[105.93109130900007,21.29446792600004],[105.93121337900004,21.293054581000035],[105.93028259300007,21.291355133000025],[105.92605590800008,21.28995132400007],[105.92298126200006,21.287036896000075],[105.92218780500008,21.282087326000067],[105.92221832300004,21.272619247000023],[105.92358398400006,21.268293381000035],[105.92884826700003,21.26173019400005],[105.93089294400005,21.257722855000054],[105.93838501000005,21.24723434400005],[105.93857574500004,21.24510765100007],[105.93743896500007,21.243192673000067],[105.93650054900007,21.244760513000074],[105.93500518800005,21.24541091900005],[105.92630004900008,21.244722366000076],[105.92596435500008,21.243627548000063],[105.92788696300005,21.240232468000045],[105.92764282200005,21.239299774000074],[105.92057037400008,21.234428406000063],[105.92047148700004,21.232233154000028],[105.91928100600006,21.23094940200008],[105.91752624500003,21.231039047000024],[105.91535949700005,21.232246399000076],[105.91318512000004,21.232189178000056],[105.91242981000005,21.231042862000038],[105.91051483200005,21.231748581000033],[105.90891265900007,21.231042862000038],[105.90653228800005,21.232259750000026],[105.90542602500005,21.23112487800006],[105.90660858200005,21.22919654800006],[105.90425109900008,21.22741127000006],[105.90386200000006,21.223131180000053],[105.90522766100008,21.22233009300004],[105.90892791700009,21.224853516000053],[105.91049957300004,21.224407196000072],[105.91172027600004,21.221075058000054],[105.91448211700003,21.21816253700007],[105.91551208500005,21.21386528000005],[105.91515350300006,21.208496094000054],[105.91122436500007,21.207929611000054],[105.90984344500004,21.206981659000064],[105.91128540000005,21.204818726000042],[105.91369628900009,21.20348548900006],[105.91359710700004,21.202829361000056],[105.90970611600005,21.20080757100004],[105.90692138700007,21.20107841500004],[105.90377044700006,21.202613831000065],[105.90252685500008,21.20220184300007],[105.90541839600007,21.197414398000035],[105.90711975100004,21.192441940000037],[105.90544891400003,21.182857513000044],[105.90042114300007,21.182058334000033],[105.90141296400009,21.178092957000047],[105.89642334000007,21.176977158000057],[105.89601135300006,21.177793503000032],[105.89830017100007,21.180856705000053],[105.89842987100008,21.18303108200007],[105.89664459200009,21.184469223000065],[105.89246368400006,21.18419265700004],[105.88931274400005,21.185415268000042],[105.88683319100005,21.190065384000036],[105.88104248000008,21.18735885600006],[105.87709808300008,21.186700821000045],[105.87623596200007,21.187587738000047],[105.87674713100006,21.189079285000048],[105.87982177700007,21.188341141000024],[105.88227081300005,21.189579010000045],[105.88607788100006,21.198713303000034],[105.88993835400004,21.20054626500007],[105.89191436800007,21.202373505000025],[105.89113616900005,21.203897476000066],[105.88724517800006,21.205827713000076],[105.88332366900005,21.203577042000063],[105.87817382800006,21.20299911500007],[105.87535858200005,21.201910019000024],[105.87240600600006,21.206344604000037],[105.87155914300007,21.20649337800006],[105.87152862500005,21.203125000000057],[105.87275695800008,21.20061492900004],[105.87191009500003,21.198236465000036],[105.86797332800006,21.19769096400006],[105.86678314200009,21.19859886200004],[105.86695861800007,21.20060920700007],[105.86479950000006,21.20059204100005],[105.86262512200005,21.19968414300007],[105.85912323000008,21.195095062000064],[105.85104370100004,21.190765381000062],[105.84525299100005,21.188844681000035],[105.83996582000009,21.190376282000045],[105.83479309100005,21.186204910000072],[105.83247375500008,21.18763160700007],[105.82856750500008,21.188438416000054],[105.82293701200007,21.187068939000028],[105.81878662100007,21.184597015000065],[105.81428527800006,21.18432045000003],[105.81272888200004,21.185514450000028],[105.81517028800005,21.186573029000044],[105.81523132300003,21.188034058000028],[105.81212616000005,21.190923691000023],[105.80821228000008,21.190822601000036],[105.80132480700007,21.187395096000046],[105.79927825900006,21.188089371000046],[105.79804992700008,21.190614700000026],[105.79547119100005,21.192464828000027],[105.79309845000006,21.19227027900007],[105.79045867900004,21.190622330000053],[105.78982543900008,21.190958023000064],[105.78890338000008,21.195499596000047],[105.78761291500007,21.197000504000073],[105.78507109600008,21.198347756000032],[105.77729797400008,21.200519562000068],[105.77503967300004,21.202613831000065],[105.77548980700004,21.203035355000054],[105.77131652800006,21.208730698000068],[105.77037048300008,21.206689835000077],[105.76964569100005,21.209587097000053],[105.76992034900007,21.21273422200005],[105.76902556000005,21.21409205300006],[105.76340484600007,21.213062286000024],[105.76052856400008,21.21474456800007],[105.75919342000009,21.21703147900007],[105.75900434000005,21.221097281000027],[105.75811767600004,21.222946167000032],[105.75545501700009,21.22179794300007],[105.75393676800007,21.22191047700005],[105.75216674800004,21.22623252900007],[105.75009155300006,21.22799110400007],[105.74223327600004,21.231533051000042],[105.73805999800004,21.231662750000055],[105.73506927500006,21.232944489000033],[105.73313903800005,21.23371505700004],[105.72991180400004,21.237966537000034],[105.73074340800008,21.238397598000063],[105.73439788800005,21.235467911000057],[105.73681640600006,21.235340118000067],[105.73767852800006,21.23648262000006],[105.73564910900006,21.24085044900005],[105.73306274400005,21.241945267000062],[105.72831726100009,21.24072837800003],[105.72502899200003,21.24246978800005],[105.72656250000006,21.243135452000047],[105.72807312000003,21.245334625000055],[105.72922515900007,21.24893951400003],[105.72328186000004,21.251024246000043],[105.72481536900005,21.257461548000038],[105.72278595000006,21.26611900300003],[105.72538757300003,21.266399384000067],[105.72934722900004,21.26935768100003],[105.72593689000007,21.271144867000032],[105.72540283200004,21.27301025400004],[105.72657012900004,21.27346992500003],[105.72792053200004,21.27288246200004],[105.72901916500007,21.27406883200007],[105.72914123500004,21.27590370200005],[105.73262786900005,21.275005341000053],[105.73348236100009,21.279396057000042],[105.73609161400009,21.27953147900007],[105.73519134500003,21.284255981000058],[105.73698425300006,21.28568458600006],[105.73629760700004,21.28662490800008],[105.73816680900006,21.288053513000023],[105.73918914800004,21.287839890000043],[105.73868560800008,21.287082672000054],[105.73954772900004,21.286619186000053],[105.73973083500005,21.287799835000044],[105.74199676500007,21.28724670400004],[105.74266815200008,21.289030075000028],[105.74088287400008,21.290409088000047],[105.74180603000008,21.290931702000023],[105.74287985500007,21.290222966000044],[105.74316406200006,21.29284286500007],[105.74510955800008,21.291881561000025],[105.74606323200004,21.29421615600006],[105.74563598600008,21.294546127000046],[105.74769592300004,21.294258118000073],[105.74945831300005,21.295946121000043],[105.75334930400004,21.29488372800006],[105.75285339400006,21.297271729000045],[105.75429534900007,21.297908783000025],[105.75548553500005,21.299911499000075],[105.75704193100006,21.300502777000077],[105.76234436000004,21.31340980500005],[105.76514434800004,21.316675186000055],[105.76762390100004,21.31832122800006],[105.77197265600006,21.32551193200004],[105.77246856700003,21.328639984000063],[105.77622222900004,21.335594177000075],[105.77616882300003,21.33708000200005],[105.78020477300004,21.339323044000025],[105.78318023700007,21.342912674000047],[105.78517150900007,21.34285354600007],[105.78504180900006,21.348413467000057],[105.78303527800006,21.353832245000035],[105.78608703600008,21.354650497000023],[105.78607940700005,21.35782432600007],[105.78464508100006,21.359651566000025],[105.78646850600006,21.364143372000058],[105.78730773900008,21.371067047000054],[105.79013824500004,21.373262405000048],[105.78769683800004,21.374877930000025],[105.78796386700009,21.375734329000068],[105.78929901100008,21.375883102000046],[105.79023742700008,21.377868652000075],[105.79183960000006,21.378463745000033],[105.79238891600005,21.37950706500004],[105.79450225800008,21.379245758000025],[105.79530334500004,21.381114960000048],[105.79666900600006,21.380903244000024],[105.79659271200006,21.382703781000032],[105.79859161400009,21.381687164000027],[105.79956817600004,21.381908417000034],[105.80049133300008,21.384716034000064],[105.80124664300007,21.385208130000024],[105.80202484100005,21.38441848800005]]]]},"geometry_name":"the_geom","properties":{"OBJECTID":133,"Ma":"016","Ten":"Huyện Sóc Sơn","Cap":"Huyện","MaTP":"01","Tinh_Thanh":"Thành phố Hà Nội","Name":"Soc Son District","Province":"Ha Noi City","name":"Sóc Sơn"}},{"type":"Feature","id":"vietnam_districts.15","geometry":{"type":"MultiPolygon","coordinates":[[[[105.87535858200005,21.201910019000024],[105.87817382800006,21.20299911500007],[105.88332366900005,21.203577042000063],[105.88724517800006,21.205827713000076],[105.89113616900005,21.203897476000066],[105.89191436800007,21.202373505000025],[105.88993835400004,21.20054626500007],[105.88607788100006,21.198713303000034],[105.88227081300005,21.189579010000045],[105.87982177700007,21.188341141000024],[105.87674713100006,21.189079285000048],[105.87623596200007,21.187587738000047],[105.87709808300008,21.186700821000045],[105.88104248000008,21.18735885600006],[105.88683319100005,21.190065384000036],[105.88931274400005,21.185415268000042],[105.89246368400006,21.18419265700004],[105.89664459200009,21.184469223000065],[105.89842987100008,21.18303108200007],[105.89830017100007,21.180856705000053],[105.89601135300006,21.177793503000032],[105.89642334000007,21.176977158000057],[105.90141296400009,21.178092957000047],[105.90042114300007,21.182058334000033],[105.90544891400003,21.182857513000044],[105.90711975100004,21.192441940000037],[105.91220092800006,21.192348480000078],[105.91239929200003,21.19023704500006],[105.91603851300005,21.188816071000076],[105.91522216800007,21.18725585900006],[105.92366027800006,21.182739258000026],[105.92018127400007,21.178346634000036],[105.92163848900009,21.177013397000053],[105.92085266100008,21.175964355000076],[105.92119598400006,21.17371177700005],[105.91809082000009,21.173570633000054],[105.91816711400008,21.171611786000028],[105.91687774700006,21.17158317600007],[105.91700744600007,21.169656754000073],[105.91791534400005,21.169149399000048],[105.91715240500008,21.16768455500005],[105.91928100600006,21.163192749000075],[105.92214030000008,21.163477186000023],[105.92285156200006,21.16277313200004],[105.92293548600009,21.161666870000033],[105.92108154300007,21.159635544000025],[105.91954803500005,21.15541648900006],[105.92216491700003,21.151725769000052],[105.92343139600007,21.14729309100005],[105.92560577400008,21.14697837800003],[105.92517852800006,21.14512443500007],[105.92643737800006,21.14446067800003],[105.92637634300007,21.14253997800006],[105.92507171600005,21.14158248900003],[105.92626190200008,21.140348434000032],[105.92383575400004,21.138189316000023],[105.92536926300005,21.136384964000058],[105.92517852800006,21.134500504000073],[105.92292022700008,21.133871078000027],[105.92187500000006,21.135354996000046],[105.91782379200004,21.13198471100003],[105.91928100600006,21.129915237000034],[105.91558837900004,21.127061844000025],[105.91464233400006,21.12774276700003],[105.91279602100008,21.12651825000006],[105.91478729200009,21.121974945000034],[105.91558837900004,21.122076035000077],[105.91558075000006,21.118978500000026],[105.90980529800004,21.117362976000038],[105.90550994900008,21.114059448000035],[105.90559387200005,21.112539291000076],[105.90360260000006,21.10999107400005],[105.90151214600007,21.105276108000055],[105.90026092500005,21.106504440000037],[105.89922332800006,21.100914001000035],[105.89787292500006,21.101146698000036],[105.89643859900008,21.09833526600005],[105.89858245800008,21.096668243000067],[105.90431213400007,21.089262009000038],[105.90575408900008,21.089769363000073],[105.90486145000006,21.08804321300005],[105.90477752700008,21.082345963000023],[105.90273284900007,21.078601837000065],[105.89772033700007,21.079790115000037],[105.89073944100005,21.078454971000042],[105.88584899900007,21.076498032000075],[105.87269592300004,21.068315506000033],[105.86647033700007,21.066442490000043],[105.86383056600005,21.066699982000046],[105.86120605500008,21.068099976000042],[105.84564209000007,21.080053329000066],[105.84167480500008,21.08115577700005],[105.83590698200004,21.085361481000064],[105.83204650900007,21.090677261000053],[105.82877349900008,21.09378433200004],[105.82395935100004,21.096208572000023],[105.81617736800007,21.098762512000064],[105.80923461900005,21.102422714000056],[105.80558013900009,21.10301780700007],[105.80165863000008,21.101911545000064],[105.79846954300007,21.100635529000044],[105.79523468000008,21.09829521200004],[105.78825378400006,21.097110748000034],[105.77671814000007,21.09646415700007],[105.76849365200007,21.093620300000055],[105.75199890100004,21.092832565000037],[105.74793243400006,21.094758987000034],[105.73699951200007,21.105110168000067],[105.74040222200006,21.108003616000076],[105.73902130100004,21.111383438000075],[105.73513793900008,21.11537170400004],[105.73336029100005,21.121976852000046],[105.73594665500008,21.12190055800005],[105.73548889200003,21.123960495000063],[105.73697662400008,21.125717163000047],[105.73857879600007,21.12512207000003],[105.73878479000007,21.125585556000033],[105.73908233600008,21.127277374000073],[105.73840332000009,21.128360748000034],[105.74107360800008,21.128814697000053],[105.74214172400008,21.132801056000062],[105.74342346200007,21.131795883000052],[105.74420166000004,21.134342194000055],[105.74600982700008,21.133853912000063],[105.74786377000004,21.138082504000067],[105.75003051800007,21.137054443000068],[105.74968719500004,21.134696960000042],[105.75144958500005,21.133831024000074],[105.75094604500003,21.13238525400004],[105.75327301000004,21.131568909000066],[105.75360870400004,21.13376236000005],[105.75282287600004,21.134910583000078],[105.76621246300004,21.135721207000074],[105.76893615700004,21.137990952000052],[105.76992034900007,21.14042091400006],[105.77343750000006,21.143163681000033],[105.77309417700008,21.145217896000077],[105.77115631100008,21.147577286000057],[105.77207183800004,21.149032593000072],[105.77010345500008,21.169496536000054],[105.77134704600007,21.169776917000036],[105.77077484100005,21.172586441000078],[105.77191925000005,21.178216934000034],[105.77389526400003,21.177873611000052],[105.77407836900005,21.178503036000052],[105.77522277800006,21.178226471000073],[105.77546691900005,21.17900276200004],[105.78012085000006,21.177494049000074],[105.78016662600004,21.178600311000025],[105.78369140600006,21.17742729200006],[105.78371429400005,21.178251266000075],[105.78463745100004,21.178049088000023],[105.78498840300006,21.179512024000076],[105.78792572000003,21.17893219000007],[105.78809356700003,21.180156708000027],[105.79045105000006,21.180063248000067],[105.79090118400006,21.181760788000076],[105.78975677500006,21.18206596400006],[105.79196929900007,21.18598747300007],[105.78941345200008,21.188083649000077],[105.79045867900004,21.190622330000053],[105.79309845000006,21.19227027900007],[105.79547119100005,21.192464828000027],[105.79804992700008,21.190614700000026],[105.79927825900006,21.188089371000046],[105.80132480700007,21.187395096000046],[105.80821228000008,21.190822601000036],[105.81212616000005,21.190923691000023],[105.81523132300003,21.188034058000028],[105.81517028800005,21.186573029000044],[105.81272888200004,21.185514450000028],[105.81428527800006,21.18432045000003],[105.81878662100007,21.184597015000065],[105.82293701200007,21.187068939000028],[105.82856750500008,21.188438416000054],[105.83247375500008,21.18763160700007],[105.83479309100005,21.186204910000072],[105.83996582000009,21.190376282000045],[105.84525299100005,21.188844681000035],[105.85104370100004,21.190765381000062],[105.85912323000008,21.195095062000064],[105.86262512200005,21.19968414300007],[105.86479950000006,21.20059204100005],[105.86695861800007,21.20060920700007],[105.86678314200009,21.19859886200004],[105.86797332800006,21.19769096400006],[105.87191009500003,21.198236465000036],[105.87275695800008,21.20061492900004],[105.87152862500005,21.203125000000057],[105.87155914300007,21.20649337800006],[105.87240600600006,21.206344604000037],[105.87535858200005,21.201910019000024]]]]},"geometry_name":"the_geom","properties":{"OBJECTID":159,"Ma":"017","Ten":"Huyện Đông Anh","Cap":"Huyện","MaTP":"01","Tinh_Thanh":"Thành phố Hà Nội","Name":"Dong Anh District","Province":"Ha Noi City","name":"Đông Anh"}},{"type":"Feature","id":"vietnam_districts.16","geometry":{"type":"MultiPolygon","coordinates":[[[[105.92417907700008,21.12056160000003],[105.92144775400004,21.11669349700003],[105.92554473900009,21.114206314000057],[105.92501831100009,21.113126755000053],[105.92723846400008,21.11177825900006],[105.92939758300008,21.11262130700004],[105.93090057400008,21.110975266000025],[105.93089458000009,21.108756334000077],[105.93385314900007,21.106578827000078],[105.93473053000008,21.105085373000065],[105.93395233200005,21.104078293000043],[105.93463897700008,21.103378296000074],[105.93424224900008,21.102916718000074],[105.93640899700006,21.101646423000034],[105.93456268300008,21.09659004200006],[105.93596649200003,21.09524345400007],[105.93658447300004,21.093168259000038],[105.93812561000004,21.093900681000036],[105.94091796900005,21.08904838600006],[105.93936157200005,21.087711334000062],[105.94024658200004,21.083415985000045],[105.94454956100009,21.08537292500006],[105.94571685800008,21.08499908400006],[105.95793914800004,21.09126281700003],[105.95994567900004,21.088329315000067],[105.96201324500004,21.077936172000022],[105.96370697000003,21.077543259000038],[105.96891784700006,21.073587418000045],[105.96837616000005,21.072053909000033],[105.97835540800008,21.07006835900006],[105.98475647000004,21.069927216000053],[105.99364471400008,21.06895828200004],[105.99951934800004,21.074468613000022],[106.00122070300006,21.069112778000033],[106.00212860100004,21.069530487000065],[106.00666809100005,21.06305122400005],[106.00846099900008,21.06427955600003],[106.00909423800005,21.063694000000055],[106.00978851300005,21.06207275400004],[106.00705719000007,21.057689667000034],[106.00811004600007,21.056909561000055],[106.00823211700003,21.055503845000032],[106.00928497300004,21.055797577000078],[106.01012420700005,21.057157516000075],[106.01441192600004,21.055944443000044],[106.01375579800003,21.053741455000022],[106.01540374800004,21.052753448000033],[106.01398468000008,21.050909042000058],[106.02001190200008,21.047527313000046],[106.02005767800006,21.04144859300004],[106.01646423300008,21.03441047700005],[106.01294708300009,21.03039741500004],[106.00645137900005,21.02885915300004],[106.00948333700006,21.02434730500005],[106.00695800800008,21.024234772000057],[106.00458526600005,21.022033691000047],[106.00370788600009,21.01887130700004],[106.00425720200008,21.018650055000023],[106.00342642400005,21.01740532900004],[106.00622558600008,21.015064240000072],[106.00490001000009,21.01384599000005],[106.00542450000006,21.013439178000056],[106.00445248300008,21.01170833200007],[106.00965881300004,21.012407303000032],[106.01036834700005,21.010801315000037],[106.00894928000008,21.01050186200007],[106.00846862800006,21.008247375000053],[106.00489807100007,21.00850868200007],[106.00482940700005,21.007923126000037],[105.99909973100006,21.006624222000028],[106.00122833300009,21.00032043500005],[106.00013732900004,21.000247955000077],[105.99985504200004,20.999273300000027],[105.99462127700008,21.001359940000043],[105.99418640100004,21.000133514000026],[105.99190521200006,21.00095939600004],[105.99004364000007,20.998250961000053],[105.98936462400007,20.999008179000043],[105.98750305200008,20.99733924900005],[105.98515319800003,20.99681282000006],[105.98143768300008,20.997159958000054],[105.97774505600006,20.999423981000064],[105.97353363000008,20.996315002000074],[105.97235870400004,20.996730804000038],[105.97122955300006,20.995204926000042],[105.97264099100005,20.993286133000026],[105.97263336200007,20.989751816000023],[105.96917724600007,20.988630295000064],[105.96703338600008,20.990997314000026],[105.96604156500007,20.99038696300005],[105.96547419800004,20.990972992000025],[105.96206665000005,20.989189148000037],[105.96181488000008,20.988340378000032],[105.96423339800003,20.98574066200007],[105.96449279800004,20.98450470000006],[105.96564483600008,20.985034943000073],[105.96515655500008,20.98362731900005],[105.96231079100005,20.981536865000066],[105.96348571800007,20.98018455500005],[105.96180725100004,20.97594070400004],[105.96359252900004,20.97478866600005],[105.96293640100004,20.973529816000053],[105.96517944300007,20.972484589000032],[105.96567535400004,20.96793746900005],[105.96490478500004,20.967929840000068],[105.96449279800004,20.963405609000063],[105.96064758300008,20.963556290000042],[105.95918273900008,20.964862823000033],[105.95909881600005,20.966028214000062],[105.95655822800006,20.965982437000036],[105.95675659200003,20.967514038000047],[105.95619201700003,20.967575073000035],[105.95586395300006,20.965953827000078],[105.95500946000004,20.96616172800003],[105.95524597200006,20.968097687000068],[105.95270538300008,20.96842384300004],[105.94875335700004,20.967639923000036],[105.94916534400005,20.968561172000022],[105.94859314000007,20.969490051000037],[105.93862688500008,20.96769999600008],[105.93839263900009,20.969375610000043],[105.93643188500005,20.969491959000038],[105.93232727100008,20.97347831700006],[105.93015289300007,20.972547531000032],[105.92490387000004,20.974384308000026],[105.92492675800008,20.975738525000054],[105.92304229700005,20.975667953000027],[105.92321014400005,20.974575043000073],[105.92021179200003,20.974576950000028],[105.92028045700005,20.975629807000075],[105.91575622600004,20.97510337800003],[105.91519165000005,20.972253799000043],[105.91387939500004,20.97226905800005],[105.91362762500006,20.970819473000063],[105.91278839100005,20.970867157000043],[105.91264343300008,20.96932601900005],[105.90888977100008,20.96252441400003],[105.90761566200007,20.958089828000027],[105.90701293900008,20.958084106000058],[105.90563964800003,20.950769424000043],[105.90358734100005,20.947206497000025],[105.91045379600007,20.942174911000052],[105.91226196300005,20.938398361000054],[105.91524505600006,20.937091827000074],[105.90911865200007,20.926528931000064],[105.89820861800007,20.928958893000072],[105.88368988000008,20.929216385000075],[105.88179779100005,20.929916382000044],[105.88050079300007,20.931167603000063],[105.88023376500007,20.933403015000067],[105.88320922900004,20.940900803000034],[105.88639831500006,20.945203781000032],[105.89015197800006,20.951688766000075],[105.89750671400009,20.960117340000068],[105.90287780800008,20.96776390100007],[105.90947723400006,20.981063843000072],[105.90980529800004,20.98357200600003],[105.90868377700008,20.986139297000022],[105.90068817100007,20.994285583000078],[105.90459442100007,21.000764847000028],[105.90380096400008,21.002307892000033],[105.91010284400005,21.00493812600007],[105.91445159900007,21.00202179000007],[105.92056274400005,21.004375458000027],[105.91993713400007,21.01193618800005],[105.92258453400007,21.012107849000074],[105.92224121100008,21.01414299000004],[105.92414856000005,21.01439857500003],[105.92288208000008,21.016839981000032],[105.92606353800005,21.01727676400003],[105.92591095000006,21.019805908000023],[105.93794250500008,21.02111244200006],[105.93465423600009,21.022527695000065],[105.93510437000003,21.023603439000055],[105.93424987800006,21.023923874000047],[105.93486022900004,21.024681091000048],[105.92973327600004,21.02601432800003],[105.92918396000005,21.02483367900004],[105.92718505900007,21.025657654000042],[105.92774200400004,21.027088165000066],[105.93359375000006,21.03257751500007],[105.93316650400004,21.03318786600005],[105.93508911100008,21.035076141000047],[105.93480682400008,21.035701752000023],[105.93802642800006,21.040096283000025],[105.93193054200003,21.05933761600005],[105.92775726300005,21.067718506000062],[105.92375946000004,21.07280159000004],[105.91855621300004,21.07588768000005],[105.90273284900007,21.078601837000065],[105.90477752700008,21.082345963000023],[105.90486145000006,21.08804321300005],[105.90575408900008,21.089769363000073],[105.90431213400007,21.089262009000038],[105.89858245800008,21.096668243000067],[105.89643859900008,21.09833526600005],[105.89787292500006,21.101146698000036],[105.89922332800006,21.100914001000035],[105.90026092500005,21.106504440000037],[105.90151214600007,21.105276108000055],[105.90360260000006,21.10999107400005],[105.90559387200005,21.112539291000076],[105.90550994900008,21.114059448000035],[105.90980529800004,21.117362976000038],[105.91558075000006,21.118978500000026],[105.92149353000008,21.118587494000053],[105.92256164600008,21.121488571000043],[105.92340087900004,21.12107849100005],[105.92417907700008,21.12056160000003]]]]},"geometry_name":"the_geom","properties":{"OBJECTID":183,"Ma":"018","Ten":"Huyện Gia Lâm","Cap":"Huyện","MaTP":"01","Tinh_Thanh":"Thành phố Hà Nội","Name":"Gia Lam District","Province":"Ha Noi City","name":"Gia Lâm"}},{"type":"Feature","id":"vietnam_districts.18","geometry":{"type":"MultiPolygon","coordinates":[[[[105.82626342800006,20.805660248000038],[105.83171844500004,20.80623626700003],[105.83275604200009,20.800638199000048],[105.83415222200006,20.800558090000038],[105.83414459200009,20.795070648000035],[105.84262847900004,20.796091080000053],[105.85308075000006,20.80189895600006],[105.85814666700009,20.799543381000035],[105.85971832300004,20.80009079000007],[105.86996460000006,20.79681968700004],[105.86939239500003,20.795631409000066],[105.87166595500008,20.79438781700003],[105.86840057400008,20.78982162500006],[105.87700661900004,20.78487308600006],[105.87796020500008,20.78602027900007],[105.88104248000008,20.784507751000035],[105.88189697300004,20.78360557600007],[105.88031768800005,20.78276825000006],[105.88198852500005,20.78172302200005],[105.88427734400005,20.782627106000064],[105.88494873000008,20.780612946000076],[105.88703918500005,20.781333923000034],[105.88991546600005,20.772216797000056],[105.89255523700007,20.773462296000048],[105.89310455300006,20.772365570000034],[105.89580535900006,20.773580551000066],[105.89676666300005,20.772325516000024],[105.89486694300007,20.768827438000073],[105.89562988300008,20.767337799000074],[105.89134216300005,20.763946533000023],[105.88689422600004,20.75603866600005],[105.88735199000007,20.754022598000063],[105.89005279500009,20.751901627000052],[105.89427185100004,20.755292892000057],[105.89527893100006,20.754501343000072],[105.89635467500005,20.75500679000004],[105.89804840100004,20.753889084000036],[105.89906311000004,20.75478553800008],[105.90298461900005,20.752307892000033],[105.90363311800007,20.75355911300005],[105.90496063200004,20.75288009600007],[105.90625000000006,20.75645256000007],[105.90931701700003,20.757888794000053],[105.91051483200005,20.757450104000043],[105.91133117700008,20.75873947100007],[105.91207885700004,20.75845336900005],[105.91151428200004,20.75983238200007],[105.91238403300008,20.760747910000077],[105.91935730000006,20.763870239000028],[105.91601562500006,20.767129898000064],[105.91307067900004,20.771570206000035],[105.91359710700004,20.77241134600007],[105.91182708700006,20.774496078000027],[105.91326904300007,20.78022575400007],[105.91255950900006,20.78222465500005],[105.91308593700006,20.782531738000046],[105.91278839100005,20.78442573500007],[105.91341400100004,20.784723282000073],[105.91326904300007,20.78676033000005],[105.91636657700008,20.788631439000028],[105.91728973400006,20.787107468000045],[105.92315673800005,20.790927887000066],[105.92676544200003,20.78736686700006],[105.92976379400005,20.78548431400003],[105.93741607700008,20.783306122000056],[105.95748901400003,20.780078888000048],[105.96419525100004,20.777515411000024],[105.96642303500005,20.775501251000037],[105.96948242200006,20.769458771000075],[105.96794348100008,20.759205879000035],[105.96768951400009,20.750457764000032],[105.97014617900004,20.734579086000053],[105.96583557100007,20.731845856000064],[105.96572876000005,20.730005264000056],[105.96239471400008,20.727165222000053],[105.96202850300006,20.723430634000067],[105.96643066400009,20.709978104000072],[105.97149658200004,20.701854706000063],[105.97441101100009,20.699480057000073],[105.97923278800005,20.69886207600007],[105.98480224600007,20.70042610200005],[105.98943328900003,20.703561783000055],[105.99431610100004,20.70417976400006],[106.00334930400004,20.703809738000075],[106.00279998800005,20.701545715000066],[105.99576568600008,20.69750022900007],[105.99806213400007,20.693515778000062],[105.99786377000004,20.69233512900007],[105.99070739700005,20.689260483000055],[105.99213409400005,20.685743332000072],[105.99492645300006,20.68562126200004],[105.99411773700007,20.683315277000077],[105.99604797400008,20.681568146000075],[105.99751281700009,20.67841529800006],[105.99468994100005,20.677331924000043],[105.99230194100005,20.67870903000005],[105.99448394800004,20.681041718000074],[105.99320983900009,20.682092667000063],[105.99269104000007,20.681409836000057],[105.99106597900004,20.682405472000028],[105.98872375500008,20.682609558000024],[105.98481750500008,20.68049430800005],[105.97844696000004,20.673723221000046],[105.97898101800007,20.67171096800007],[105.97758483900009,20.665712357000075],[105.96582031200006,20.664340973000037],[105.96204376200006,20.662328720000062],[105.95805358900009,20.65864372300007],[105.95697784400005,20.65572547900007],[105.95835113500004,20.651481628000056],[105.95800781200006,20.650789261000057],[105.94804382300003,20.65360450700007],[105.94535827600004,20.655019760000073],[105.94434356700003,20.656482697000058],[105.94335937500006,20.663162231000058],[105.94654083300009,20.667139053000028],[105.94705200200008,20.675672531000032],[105.94568634000007,20.679773331000035],[105.94346618700007,20.682085037000036],[105.93998718300008,20.68085289000004],[105.93267822300004,20.680139542000063],[105.91973877000004,20.675874710000073],[105.91833496100008,20.673730850000027],[105.91749572800006,20.67429924000004],[105.90762329100005,20.668682098000033],[105.90537262000004,20.668350220000036],[105.90416717500005,20.670627594000052],[105.89486694300007,20.675811768000074],[105.89311218300008,20.678770065000037],[105.88638305700005,20.675724030000026],[105.88577270500008,20.679229736000025],[105.88361358600008,20.678043365000065],[105.88259920900003,20.685443363000047],[105.88433075000006,20.685743332000072],[105.88547515900007,20.689998627000023],[105.88639068600008,20.689344406000032],[105.88832855200008,20.69087219200003],[105.89211273200004,20.692090988000075],[105.89143371600005,20.693445206000035],[105.88897705100004,20.69189453100006],[105.88924408000008,20.693105698000068],[105.88739776600005,20.695983887000068],[105.88764953600008,20.696521759000063],[105.87714386000005,20.702539444000024],[105.87761688200004,20.703273773000035],[105.87160491900005,20.70596694900007],[105.87371826200007,20.710048676000042],[105.86867523200004,20.70950508100003],[105.86402893100006,20.714166641000077],[105.86030578600008,20.71506118800005],[105.86043548600009,20.718938828000034],[105.85575866700003,20.72094345100004],[105.85507202100007,20.72186088600006],[105.85763549800004,20.725021362000064],[105.85460662800006,20.731527328000027],[105.84992981000005,20.732860565000067],[105.85083007800006,20.73771667500006],[105.84622955300006,20.73704910300006],[105.84591674800004,20.74110412600004],[105.84427642800006,20.741781235000076],[105.84304809600008,20.74073028600003],[105.83703613300008,20.739831924000043],[105.83699035600006,20.740621567000062],[105.83432769800004,20.74017906200004],[105.82657643500005,20.73714463700003],[105.82498168900008,20.73786735500005],[105.82575988800005,20.738931656000034],[105.82223510700004,20.741701126000066],[105.82072448700006,20.739198685000076],[105.81293487500005,20.74309730500005],[105.81381225600006,20.744529724000074],[105.81142425500008,20.746021271000075],[105.81018829300007,20.744464874000073],[105.80791473400006,20.745615005000047],[105.80348968500005,20.75072097800006],[105.79871368400006,20.749351501000035],[105.79371643100006,20.749418259000038],[105.79393005400004,20.759037018000072],[105.79242706300005,20.758710861000054],[105.79206848100006,20.762683868000067],[105.79627659600004,20.761717273000045],[105.79744720500008,20.765640259000065],[105.79831695600006,20.76586723300005],[105.79968261700009,20.770998001000066],[105.80384826700003,20.771387100000027],[105.80360412600004,20.77536010700004],[105.80555725100004,20.775720596000042],[105.80467987100008,20.778816223000035],[105.80297851600005,20.778528214000062],[105.80284118700007,20.77960205100004],[105.80666351300005,20.780220032000045],[105.81110382100007,20.787847519000024],[105.80844879200004,20.792253494000022],[105.80991363500004,20.794775009000034],[105.80883026100008,20.796785355000054],[105.81052398700007,20.797727585000075],[105.80996704100005,20.798778534000064],[105.81409027300003,20.801914273000023],[105.81869506800007,20.794149399000048],[105.82080078100006,20.79505348200007],[105.81709289600008,20.804416656000058],[105.82375335700004,20.806470871000045],[105.82626342800006,20.805660248000038]]]]},"geometry_name":"the_geom","properties":{"OBJECTID":1434,"Ma":"280","Ten":"Huyện Phú Xuyên","Cap":"Huyện","MaTP":"01","Tinh_Thanh":"Thành phố Hà Nội","Name":"Phu Xuyen District","Province":"Ha Noi City","name":"Phú Xuyên"}},{"type":"Feature","id":"vietnam_districts.19","geometry":{"type":"MultiPolygon","coordinates":[[[[105.72580719000007,20.807542801000068],[105.72814941400009,20.807659149000074],[105.73218536400009,20.809131622000052],[105.73500061000004,20.809110641000075],[105.73934173600009,20.797000885000045],[105.73845672600004,20.793262482000046],[105.74163818400007,20.792018890000065],[105.74150085400004,20.791395187000035],[105.74543762200005,20.788887024000076],[105.74847412100007,20.791898727000046],[105.74900817900004,20.79144668600003],[105.75130462600004,20.792634964000058],[105.75311279300007,20.790376663000075],[105.75457763700007,20.79142570500005],[105.75743600600003,20.787366204000023],[105.75969696000004,20.790254593000043],[105.76373291000004,20.787984848000065],[105.76325225800008,20.787025452000023],[105.76448059100005,20.786428452000052],[105.76383972200006,20.78541946400003],[105.76518249500003,20.784334183000055],[105.76440429700006,20.783430099000043],[105.76587677000003,20.78232765200005],[105.76690689800006,20.782963642000027],[105.76865387000004,20.788154602000077],[105.77585601800007,20.788000107000073],[105.77626037600004,20.79045867900004],[105.77690887500006,20.790567398000064],[105.77846527100007,20.79037094100005],[105.78021240200007,20.788831711000057],[105.78149414100005,20.789291382000044],[105.78248596200007,20.791362762000063],[105.78464508100006,20.791761398000062],[105.78585815400004,20.789060593000045],[105.78852844200009,20.789300919000027],[105.79107666000004,20.78623580900006],[105.79515075700004,20.783708572000023],[105.80666351300005,20.780220032000045],[105.80284118700007,20.77960205100004],[105.80297851600005,20.778528214000062],[105.80467987100008,20.778816223000035],[105.80555725100004,20.775720596000042],[105.80360412600004,20.77536010700004],[105.80384826700003,20.771387100000027],[105.79968261700009,20.770998001000066],[105.79831695600006,20.76586723300005],[105.79744720500008,20.765640259000065],[105.79627659600004,20.761717273000045],[105.79206848100006,20.762683868000067],[105.79242706300005,20.758710861000054],[105.79393005400004,20.759037018000072],[105.79371643100006,20.749418259000038],[105.79871368400006,20.749351501000035],[105.80348968500005,20.75072097800006],[105.80791473400006,20.745615005000047],[105.81018829300007,20.744464874000073],[105.81142425500008,20.746021271000075],[105.81381225600006,20.744529724000074],[105.81293487500005,20.74309730500005],[105.82072448700006,20.739198685000076],[105.82223510700004,20.741701126000066],[105.82575988800005,20.738931656000034],[105.82498168900008,20.73786735500005],[105.82657643500005,20.73714463700003],[105.83432769800004,20.74017906200004],[105.83699035600006,20.740621567000062],[105.83703613300008,20.739831924000043],[105.84304809600008,20.74073028600003],[105.84427642800006,20.741781235000076],[105.84591674800004,20.74110412600004],[105.84622955300006,20.73704910300006],[105.85083007800006,20.73771667500006],[105.84992981000005,20.732860565000067],[105.85460662800006,20.731527328000027],[105.85763549800004,20.725021362000064],[105.85507202100007,20.72186088600006],[105.85575866700003,20.72094345100004],[105.86043548600009,20.718938828000034],[105.86030578600008,20.71506118800005],[105.86402893100006,20.714166641000077],[105.86867523200004,20.70950508100003],[105.87371826200007,20.710048676000042],[105.87160491900005,20.70596694900007],[105.87761688200004,20.703273773000035],[105.87714386000005,20.702539444000024],[105.88764953600008,20.696521759000063],[105.88739776600005,20.695983887000068],[105.88924408000008,20.693105698000068],[105.88897705100004,20.69189453100006],[105.89143371600005,20.693445206000035],[105.89211273200004,20.692090988000075],[105.88832855200008,20.69087219200003],[105.88639068600008,20.689344406000032],[105.88547515900007,20.689998627000023],[105.88433075000006,20.685743332000072],[105.88259920900003,20.685443363000047],[105.88361358600008,20.678043365000065],[105.88577270500008,20.679229736000025],[105.88638305700005,20.675724030000026],[105.89311218300008,20.678770065000037],[105.89486694300007,20.675811768000074],[105.90416717500005,20.670627594000052],[105.90537262000004,20.668350220000036],[105.90554809600008,20.66542053200004],[105.90433502200005,20.66469574000007],[105.90267181400009,20.664939880000077],[105.89863586400008,20.66833114600007],[105.89615631100008,20.668827057000044],[105.89643859900008,20.65217018100003],[105.89116668700007,20.648212433000026],[105.88384246800007,20.644561768000074],[105.87896728500004,20.643115997000052],[105.87458038300008,20.64331436200007],[105.86704254200004,20.645408630000077],[105.85763549800004,20.64500427200005],[105.85257720900006,20.648134232000075],[105.84838867200006,20.65436935400004],[105.84545135500008,20.656787872000052],[105.84369659400005,20.654766083000027],[105.84002685500008,20.65674018900006],[105.84075927700007,20.65917015100007],[105.83248901400003,20.662319183000022],[105.83150482200006,20.66180229200006],[105.82868194600007,20.66279029800006],[105.82876586900005,20.66337013200007],[105.82228851300005,20.664457321000043],[105.82234954800003,20.662105560000043],[105.81869506800007,20.66049957300004],[105.82207489000007,20.65684890700004],[105.82281494100005,20.65717887900007],[105.82650756800007,20.65273475600003],[105.83294677700007,20.649847031000036],[105.83399200400004,20.648021698000036],[105.83126068100006,20.644235611000056],[105.82592773400006,20.641063690000067],[105.82391357400007,20.640584946000047],[105.81333923300008,20.633733749000044],[105.81108856200007,20.628520966000053],[105.81293487500005,20.618700027000045],[105.81099700900006,20.618917465000038],[105.80661773700007,20.61710929900005],[105.80479431200007,20.615629196000043],[105.80341339100005,20.61270141600005],[105.79817199700005,20.611782074000075],[105.79559326200007,20.612649918000045],[105.79150390600006,20.615726471000073],[105.78500366200007,20.618001938000077],[105.78012085000006,20.622537613000077],[105.77739715600006,20.62379074100005],[105.77774047900004,20.62546539300007],[105.78021240200007,20.626844406000032],[105.79288482700008,20.627525330000026],[105.79726409900007,20.628965378000032],[105.80305481000005,20.634214401000065],[105.80357360800008,20.63752555800005],[105.80262756300004,20.640808105000076],[105.80066680900006,20.642837524000072],[105.79475402800006,20.64504432700005],[105.79202270500008,20.646831512000063],[105.78251647900004,20.65959930400004],[105.77025604200009,20.67030715900006],[105.75893402100007,20.67764091500004],[105.74600982700008,20.687219620000064],[105.74279022200005,20.69120788600003],[105.74293518100006,20.694257736000054],[105.74502563500005,20.696107864000055],[105.75608825700004,20.698167801000068],[105.76047515900007,20.70130920400004],[105.76304626500007,20.706920624000077],[105.76228332500006,20.71686935400004],[105.76293945300006,20.718923569000026],[105.76598358200005,20.721599579000042],[105.77088165300006,20.72282600400007],[105.77075195300006,20.725149155000054],[105.76856994600007,20.727149963000045],[105.76087951700003,20.731647491000047],[105.75462341300005,20.72848701500004],[105.74393463100006,20.72752952600007],[105.74092865000006,20.726207733000024],[105.73583984400005,20.722301483000024],[105.73219299300007,20.721967697000025],[105.73089599600007,20.72256279000004],[105.73074340800008,20.723730087000035],[105.73285675000005,20.726371765000067],[105.73359680200008,20.730215073000068],[105.73197937000003,20.735986710000077],[105.73013305700005,20.737466812000036],[105.72035980200008,20.740192413000045],[105.70853424100005,20.742303848000063],[105.70259094200009,20.742757797000024],[105.69812774700006,20.74160766600005],[105.69706726100009,20.74275589000007],[105.69673919700006,20.746608734000063],[105.69766235400004,20.75095939600004],[105.69885253900009,20.75165176400003],[105.70558166500007,20.751815796000074],[105.71284484900008,20.755628586000057],[105.72454834000007,20.768341064000026],[105.72648620600006,20.773347855000054],[105.72548675500008,20.777675629000044],[105.71722412100007,20.78293418900006],[105.71448516800007,20.787490845000036],[105.70542907700008,20.798513412000034],[105.70534515400004,20.79991531400003],[105.70925903300008,20.809726715000068],[105.71289062500006,20.808757782000043],[105.72580719000007,20.807542801000068]]]]},"geometry_name":"the_geom","properties":{"OBJECTID":1436,"Ma":"281","Ten":"Huyện Ứng Hòa","Cap":"Huyện","MaTP":"01","Tinh_Thanh":"Thành phố Hà Nội","Name":"Ung Hoa District","Province":"Ha Noi City","name":"Ứng Hòa"}},{"type":"Feature","id":"vietnam_districts.28","geometry":{"type":"MultiPolygon","coordinates":[[[[105.80106353800005,20.986539841000024],[105.80177307100007,20.985673904000066],[105.80307006800007,20.986534119000055],[105.81002807600004,20.984312057000068],[105.80976104700005,20.982667923000065],[105.80928802500006,20.979751587000067],[105.80979156500007,20.979227066000078],[105.80745837000006,20.973868568000057],[105.81109619100005,20.972669601000064],[105.81210327100007,20.970954895000034],[105.81562042200005,20.970155716000022],[105.81612396200006,20.971288681000033],[105.81799316400009,20.971138000000053],[105.81964874300007,20.972368240000037],[105.82498931900005,20.970741272000055],[105.82345581100009,20.967496872000027],[105.81809234600007,20.963129044000027],[105.81845855700004,20.96109008800005],[105.81638336200007,20.960727692000034],[105.81637573200004,20.959928513000023],[105.81806182900004,20.95943450900006],[105.82016754200004,20.957408905000023],[105.82542419400005,20.95653343200007],[105.83085632300003,20.95298957800003],[105.83180999800004,20.954118729000072],[105.83107757600004,20.954542160000074],[105.83148193400007,20.955404282000075],[105.83377075200008,20.955162048000034],[105.83399200400004,20.956630707000045],[105.83474731400008,20.956733704000044],[105.83513641400003,20.95837974500006],[105.83588409400005,20.958312988000046],[105.83596038800005,20.958896637000066],[105.83633422900004,20.957946777000075],[105.83803558300008,20.958059311000056],[105.83847045900006,20.95707321200007],[105.84268188500005,20.958185196000045],[105.84417724600007,20.951126099000078],[105.84989929200003,20.952941895000038],[105.85849762000004,20.95731353800005],[105.86003875700004,20.95368385300003],[105.86328125000006,20.951587677000077],[105.86628723100006,20.950874329000044],[105.86662292500006,20.951780319000022],[105.86991119400005,20.95040130600006],[105.87320709200009,20.955123901000036],[105.87921142600004,20.951190948000033],[105.88639831500006,20.945203781000032],[105.88320922900004,20.940900803000034],[105.88023376500007,20.933403015000067],[105.88050079300007,20.931167603000063],[105.88179779100005,20.929916382000044],[105.88368988000008,20.929216385000075],[105.89820861800007,20.928958893000072],[105.90911865200007,20.926528931000064],[105.91252899200003,20.924924850000025],[105.91624450700004,20.92116737400005],[105.91568756100008,20.917669296000042],[105.91316986100009,20.914768219000052],[105.89973449700005,20.905117035000046],[105.89272308300008,20.90942573500007],[105.89194488500004,20.907779694000055],[105.89067077600004,20.907960892000062],[105.88938903800005,20.905952454000044],[105.88817596400008,20.906183243000044],[105.88812255900007,20.90822982800006],[105.88021087600004,20.90983009300004],[105.88068389900008,20.91180229200006],[105.87841796900005,20.911596298000063],[105.87721252400007,20.910152435000043],[105.87641906700009,20.910259247000056],[105.87562561000004,20.906192780000026],[105.87366485600006,20.906192780000026],[105.86985015900007,20.907594681000035],[105.86987304700006,20.90813255300003],[105.86774444600007,20.909111023000037],[105.86482238800005,20.905008316000078],[105.85902404800004,20.907192230000078],[105.85620117200006,20.903863907000073],[105.85347747800006,20.902093887000035],[105.85465240500008,20.898052216000053],[105.85391235400004,20.896984100000054],[105.85112762500006,20.899103165000042],[105.83961486800007,20.90281677200005],[105.84105682400008,20.90850067100007],[105.83939361600005,20.909564972000055],[105.83342742900004,20.909185410000077],[105.83303070100004,20.907007217000057],[105.83363646500004,20.905565240000044],[105.83264160200008,20.90283203100006],[105.83291626000005,20.901575089000062],[105.83130645800009,20.901077271000077],[105.83103179900007,20.900196075000053],[105.82911682100007,20.90088462800003],[105.82848358200005,20.899805069000024],[105.83039093000008,20.898097992000032],[105.82792663600009,20.89727401700003],[105.82719421400009,20.897630692000064],[105.82771301300005,20.898553848000063],[105.82695007300003,20.898944855000025],[105.82694244400005,20.90058517500006],[105.82574462900004,20.900594711000053],[105.82532501200006,20.90331840500005],[105.81568908700007,20.902654648000066],[105.80687713600008,20.909803391000025],[105.80454254200004,20.909605026000065],[105.80332183800004,20.910957336000024],[105.80312347400007,20.91251182600007],[105.79803466800007,20.913112640000065],[105.79694366500007,20.911916733000055],[105.79524993900009,20.912847519000024],[105.79457855200008,20.91502189600004],[105.79104614300007,20.91552352900004],[105.78936767600004,20.91942215000006],[105.79170227100008,20.921531677000075],[105.79077911400009,20.92446136500007],[105.79148864700005,20.92694091800007],[105.79763031000005,20.93081474300004],[105.79915618900009,20.93429184000007],[105.80162821700009,20.934174582000026],[105.80164337200006,20.93570709200003],[105.79964447000003,20.935623169000053],[105.79839325000006,20.93680954000007],[105.79930095700007,20.938645628000074],[105.79891204800003,20.93895530700007],[105.79830169700006,20.938377380000077],[105.79635620100004,20.93931961100003],[105.79277038600009,20.93845176700006],[105.78986086000003,20.93960052700004],[105.78977966300005,20.941072464000058],[105.78820037800006,20.940999985000076],[105.78849029500009,20.942119598000033],[105.79183197000003,20.942464828000027],[105.79474639900008,20.950389862000065],[105.79392242400007,20.95140647900007],[105.79488372800006,20.95494270300003],[105.79748535200008,20.955703735000043],[105.79747772200005,20.957090378000032],[105.79817962600004,20.957612991000076],[105.80074310300006,20.95829391500007],[105.80213928200004,20.956974030000026],[105.80430603000008,20.959032059000037],[105.79571533200004,20.963621140000043],[105.79291534400005,20.964197159000037],[105.79188537600004,20.96573066700006],[105.79306030300006,20.967575073000035],[105.79063415500008,20.968961716000024],[105.79369354200009,20.971202850000054],[105.79370117200006,20.97379875200005],[105.79655456500006,20.97390365600006],[105.79634857200006,20.974777222000057],[105.79920959500004,20.97531318700004],[105.79860687300004,20.97834205600003],[105.79718017600004,20.978059769000026],[105.79482269300007,20.98082923900006],[105.79545593300008,20.981233597000028],[105.79518127400007,20.982204437000064],[105.79673004200004,20.983369827000047],[105.79666900600006,20.984323502000052],[105.79710388200004,20.98474311800004],[105.79785156200006,20.983558655000024],[105.79876709000007,20.984205246000045],[105.80110168500005,20.983255386000053],[105.80149841300005,20.984645844000056],[105.80021667500006,20.985988617000032],[105.80106353800005,20.986539841000024]]]]},"geometry_name":"the_geom","properties":{"OBJECTID":2109,"Ma":"020","Ten":"Huyện Thanh Trì","Cap":"Huyện","MaTP":"01","Tinh_Thanh":"Thành phố Hà Nội","Name":"Thanh Tri District","Province":"Ha Noi City","name":"Thanh Trì"}},{"type":"Feature","id":"vietnam_districts.53","geometry":{"type":"MultiPolygon","coordinates":[[[[105.62814331100009,21.14613723800005],[105.62757873500004,21.143404007000072],[105.62635040300006,21.14222145100007],[105.62329101600005,21.13495826700006],[105.62529754600007,21.131801605000078],[105.62965393100006,21.127613068000073],[105.63057708700006,21.125116348000063],[105.62986755400004,21.123777390000043],[105.62452697800006,21.120212555000023],[105.62442779500009,21.11847305300006],[105.63043975800008,21.11320495600006],[105.63683319100005,21.111814499000047],[105.63759613000008,21.111341476000064],[105.63737487800006,21.110176086000024],[105.63976287800006,21.10955238300005],[105.63825225800008,21.105672836000053],[105.63639831500006,21.107021332000045],[105.63452148400006,21.100515366000025],[105.63924165400005,21.09905157700007],[105.64331054700006,21.096418381000035],[105.64584350600006,21.093740463000074],[105.64717865000006,21.090593338000076],[105.64360809300007,21.083375931000035],[105.64620208700006,21.070447922000028],[105.64828491200007,21.068773270000065],[105.65087890600006,21.068197250000026],[105.65916442900004,21.07210922200005],[105.66364288300008,21.06553077700005],[105.66463470500008,21.061990738000077],[105.66366577100007,21.060113907000073],[105.66157531700009,21.058713913000076],[105.65939331100009,21.058652878000032],[105.65550231900005,21.06000709500006],[105.64942932100007,21.06500625600006],[105.64810180700005,21.06461334200003],[105.64735412600004,21.065177917000028],[105.64592742900004,21.063215256000035],[105.64613342300004,21.060586929000067],[105.64803314200009,21.05845260600006],[105.64889526400003,21.055171967000035],[105.64942169200003,21.045421600000054],[105.65080261200006,21.04398536700006],[105.64813232400007,21.04022789000004],[105.64709472700008,21.040510178000034],[105.64679718000008,21.04262161300005],[105.64775085400004,21.04300308200004],[105.64778137200005,21.046091080000053],[105.64716339100005,21.046075821000045],[105.64649200400004,21.04377746600005],[105.64467620800008,21.04384803800008],[105.64305877700008,21.040838242000063],[105.64282226600005,21.04392814600004],[105.63486480700004,21.044345856000064],[105.63079071000004,21.051105499000073],[105.63260650600006,21.052429199000073],[105.62897846900006,21.060241767000036],[105.62439727800006,21.06488418600003],[105.61652374300007,21.06900787400008],[105.61581420900006,21.06811523400006],[105.61204528800005,21.070915222000053],[105.61104583700006,21.072772980000025],[105.60771179200003,21.070293427000024],[105.60138702400008,21.073209763000023],[105.59493255600006,21.074672699000075],[105.59319305400004,21.078361511000026],[105.59046173100006,21.076688766000075],[105.58318328900003,21.074804306000033],[105.58114624000007,21.077806473000066],[105.57510376000005,21.08212089500006],[105.57637023900008,21.085683823000068],[105.57630157500006,21.087444305000076],[105.57534790000005,21.088266373000067],[105.57671356200007,21.092283249000047],[105.57530975300006,21.09733963000008],[105.57587432900004,21.09930801400003],[105.57234191900005,21.10023307800003],[105.56338501000005,21.099925995000035],[105.55761718700006,21.10180282600004],[105.55451965300006,21.095964432000073],[105.55002594000007,21.096834183000055],[105.54953765900007,21.094886780000024],[105.54825592000009,21.094589233000022],[105.54732513400006,21.09518814100005],[105.54605865500008,21.093643188000044],[105.54417419400005,21.094345093000072],[105.54323577900004,21.09589576700006],[105.54245758100006,21.09424591100003],[105.54091644300007,21.09364891100006],[105.53953552200005,21.090917587000035],[105.53215026900006,21.089969635000045],[105.52796173100006,21.091318130000047],[105.52724456800007,21.089302063000048],[105.52584838900003,21.089733124000077],[105.52497863800005,21.08927154500003],[105.52337646500007,21.089004517000035],[105.52155304000007,21.090167999000073],[105.51769256600005,21.089155197000025],[105.51713562000003,21.090967178000028],[105.51475524900007,21.090183258000025],[105.51044464100005,21.09378433200004],[105.51169586200007,21.095142365000072],[105.51042175300006,21.09546661400003],[105.50809478800005,21.097669601000064],[105.50744628900009,21.097709656000063],[105.50751495400004,21.096427917000028],[105.50562286400009,21.095455170000037],[105.50228881800007,21.094993591000048],[105.50170135500008,21.095470428000056],[105.50215911900005,21.097003937000068],[105.50044250500008,21.09821701000004],[105.50284576400009,21.09888649000004],[105.50355529800004,21.099958420000064],[105.50553894000006,21.099332809000032],[105.50708007800006,21.101720810000074],[105.50630950900006,21.10209274300007],[105.50570678700007,21.10614967300006],[105.50301361100009,21.106615067000064],[105.50242614700005,21.107732773000066],[105.50276184100005,21.108913422000057],[105.50191497800006,21.10955238300005],[105.50160217300004,21.112808228000063],[105.50250244100005,21.11400032000006],[105.50225067100007,21.116268158000025],[105.50338745100004,21.11647987400005],[105.50338745100004,21.11761093100006],[105.50542174500004,21.120019459000048],[105.50505828900003,21.12268257100004],[105.50934600800008,21.124954224000078],[105.51143646200006,21.124336243000073],[105.51382446300005,21.12827873200007],[105.51332855200008,21.129323959000033],[105.51383209200009,21.12992095900006],[105.51595306400009,21.127929687000062],[105.51654052700007,21.128339767000057],[105.51597595200008,21.129045486000052],[105.51697540300006,21.12999153100003],[105.51906585700004,21.12855911300005],[105.51995849600007,21.129365921000044],[105.51999664300007,21.13117981000005],[105.52183532700008,21.13297271700003],[105.52462768600009,21.133813858000053],[105.52381134000007,21.135311127000023],[105.52233886700009,21.135562897000057],[105.52105712900004,21.140279770000063],[105.51615905800008,21.141078949000075],[105.51561737100008,21.145387650000032],[105.51714325000006,21.151208878000034],[105.51712799100005,21.152126312000064],[105.51532745400004,21.15238571200007],[105.51591491700003,21.156305313000075],[105.52782440200008,21.154169083000056],[105.53363037100007,21.154212952000023],[105.53813934300007,21.155115128000034],[105.54630279500009,21.15704917900007],[105.57089996300004,21.16058731100003],[105.57128906200006,21.161542892000057],[105.57611846900005,21.162551880000024],[105.57587432900004,21.164396286000056],[105.59230804400005,21.167457581000065],[105.60002899200003,21.169649124000046],[105.60496521000005,21.174518585000044],[105.60894012500006,21.17654228200007],[105.61730957000009,21.17912483200007],[105.62203216600005,21.178186417000063],[105.62584686300005,21.175533295000037],[105.62703704800003,21.16871261600005],[105.62814331100009,21.14613723800005]]]]},"geometry_name":"the_geom","properties":{"OBJECTID":2052,"Ma":"272","Ten":"Huyện Phúc Thọ","Cap":"Huyện","MaTP":"01","Tinh_Thanh":"Thành phố Hà Nội","Name":"Phuc Tho District","Province":"Ha Noi City","name":"Phúc Thọ"}},{"type":"Feature","id":"vietnam_districts.105","geometry":{"type":"MultiPolygon","coordinates":[[[[105.46947479200009,21.167839050000055],[105.46893310500008,21.168657303000032],[105.46778869600007,21.168621063000046],[105.46752166700009,21.16369056700006],[105.46598815900006,21.162466049000045],[105.46700286900005,21.161289215000068],[105.46301269500009,21.159545898000033],[105.46255493200005,21.158542633000025],[105.46418762200005,21.157573700000057],[105.46396637000004,21.155899048000038],[105.46218872100008,21.15630722000003],[105.46150970500008,21.153915405000077],[105.46047973600008,21.15375709500006],[105.46165466300005,21.152359009000065],[105.46138000500008,21.150222778000057],[105.45932769800004,21.14972496000007],[105.45704650900007,21.145486832000074],[105.45198822000003,21.147199631000035],[105.45387268100006,21.14529800400004],[105.45142364500003,21.14270782500006],[105.44841766400003,21.143995285000074],[105.44889068600008,21.147003174000076],[105.44606781000005,21.146650314000055],[105.44542694100005,21.14933013900003],[105.43782043500005,21.14722061200007],[105.43463897700008,21.151378632000046],[105.43289184600008,21.151439667000034],[105.42779541000004,21.14745903000005],[105.42387390100004,21.147237778000033],[105.42018127400007,21.14372062700005],[105.42055511500007,21.142171860000076],[105.41921997100008,21.14175033600003],[105.41867828400007,21.13923263500004],[105.41551971400008,21.138877869000055],[105.41513824500004,21.136611938000044],[105.41359710700004,21.13524627700008],[105.41618347200006,21.13443374600007],[105.41862487800006,21.134830475000058],[105.41860961900005,21.133630753000034],[105.41996002200005,21.133071899000072],[105.42033386200006,21.13164329500006],[105.42156219500004,21.131757736000054],[105.42379760700004,21.12924957300004],[105.42523193400007,21.128641129000073],[105.42427063000008,21.12636566200007],[105.42527008100006,21.122142792000034],[105.43105316200007,21.119983673000036],[105.42915344200009,21.117280960000073],[105.42993164100005,21.115299225000058],[105.42983245800008,21.11076545700007],[105.43139648400006,21.109418869000024],[105.43041992200006,21.109102249000046],[105.43029785200008,21.106637955000053],[105.42402648900008,21.105422974000078],[105.42379760700004,21.104736328000058],[105.42655181900005,21.10554122900004],[105.42584991500007,21.10393905600006],[105.42667388900009,21.10354232800006],[105.42778015100004,21.104162216000077],[105.43023681600005,21.103881836000028],[105.43484497100008,21.10165786700003],[105.43827819800003,21.10220146200004],[105.44094085700004,21.104566574000046],[105.44028472900004,21.102184296000075],[105.44155883800005,21.101558685000043],[105.44264221200007,21.098876953000058],[105.44114685100004,21.09762764000004],[105.44525146500007,21.095149994000053],[105.44422149700006,21.09373474100005],[105.44084930400004,21.09193420400004],[105.44042968700006,21.08944702100007],[105.43948364300007,21.088518143000044],[105.43981170700005,21.087779999000077],[105.43894195600006,21.086908340000036],[105.43955230700004,21.084653854000067],[105.43858337400007,21.083709717000033],[105.43813324000007,21.081726074000073],[105.44009399400005,21.081844330000024],[105.44021606400008,21.080993652000075],[105.43997192400008,21.07981109600007],[105.43841552700007,21.07948112500003],[105.44098663300008,21.077478409000037],[105.44074249300007,21.07584571800004],[105.44158935500008,21.074440002000074],[105.44049072300004,21.07248306300005],[105.44071197500006,21.07141304000004],[105.43919372600004,21.06947708100006],[105.43954467800006,21.06834411600005],[105.44116210900006,21.06710815400004],[105.44009399400005,21.065710068000044],[105.44229126000005,21.06477546700006],[105.44511413600009,21.062244415000066],[105.44610595700004,21.063024521000045],[105.44898223900009,21.062999725000054],[105.45444488500004,21.067182541000022],[105.45369720500008,21.063766479000037],[105.45443725600006,21.063339233000022],[105.45553588900003,21.06597709700003],[105.45706939700005,21.066755295000064],[105.45706939700005,21.068477631000064],[105.45931243900009,21.070541382000044],[105.45968627900004,21.066492081000035],[105.45875549300007,21.063842773000033],[105.45690155000005,21.062309265000067],[105.45797729500003,21.061681747000023],[105.45716857900004,21.059389114000055],[105.45894622800006,21.05893707300004],[105.46051025400004,21.065689087000067],[105.46117401100008,21.066215515000067],[105.46057891800007,21.068046570000035],[105.46293640100004,21.07087326000004],[105.46498870800008,21.071052551000037],[105.46508789100005,21.072496414000057],[105.46575927700007,21.072055817000034],[105.46531677200005,21.070751190000067],[105.46433258100006,21.070348740000043],[105.46449279800004,21.06841087300006],[105.46287536600005,21.068334579000066],[105.46234893800005,21.06613731400006],[105.46089935300006,21.064315796000074],[105.46173095700004,21.06246948200004],[105.46105957000009,21.061061859000063],[105.46139526400003,21.058017731000064],[105.45850372300004,21.055166245000066],[105.45719146700009,21.049749374000044],[105.45903015100004,21.047655106000036],[105.45906829800003,21.04631996200004],[105.45722198500005,21.031814575000055],[105.45839691200007,21.03042221100003],[105.46301269500009,21.02774620100007],[105.46487426800007,21.02447509800004],[105.46931457500006,21.021631241000023],[105.47161865200007,21.020965576000037],[105.47005462600004,21.016334534000066],[105.46793365500008,21.013103485000045],[105.46828460700004,21.010921478000057],[105.46707916300005,21.00901985200005],[105.46017456100009,21.012990952000052],[105.45928955100004,21.013128281000036],[105.45702362100008,21.011589050000055],[105.45480346700003,21.01148986800007],[105.44837188700006,21.01479911800004],[105.44564819300007,21.014978409000037],[105.44297027600004,21.013973236000027],[105.44070434600008,21.015670776000036],[105.43706512500006,21.016052246000072],[105.43527984600007,21.01711845400007],[105.43385314900007,21.017139435000047],[105.43131256100008,21.01473236100003],[105.43037414600008,21.01508522000006],[105.42356109600007,21.013544083000056],[105.41676330600006,21.011348724000072],[105.41301727300004,21.014198303000057],[105.41127014200003,21.018150330000026],[105.40825653100006,21.017469406000032],[105.40254974400005,21.013820648000035],[105.39756774900007,21.01490020800003],[105.39363098100006,21.013843536000024],[105.39210510300006,21.01450347900004],[105.38708496100008,21.01983451800004],[105.38695526100008,21.02464294400005],[105.38195800800008,21.02148628200007],[105.37734222400007,21.017307281000058],[105.37543487500005,21.014457703000062],[105.37075042700008,21.013023376000035],[105.36663818400007,21.013013840000042],[105.35897827100007,21.008941650000054],[105.35337066700004,21.007419586000026],[105.35105133100006,21.009048462000067],[105.34918212900004,21.012832642000035],[105.34774017300003,21.014076233000026],[105.34613800000005,21.013113022000027],[105.34317016600005,21.012853622000023],[105.33877563500005,21.013631821000047],[105.33849334700005,21.012302399000077],[105.33654785200008,21.01152038600003],[105.33592224100005,21.010303497000052],[105.33365631100008,21.01022148100003],[105.33523559600008,21.009359360000076],[105.33375549300007,21.008152008000025],[105.33084106400008,21.008821487000034],[105.32960510300006,21.007980347000057],[105.32800293000008,21.009153366000078],[105.32646942100007,21.008733749000044],[105.32559204100005,21.00968742400005],[105.32599639900008,21.01013374300004],[105.32514190700005,21.01033401500007],[105.32663726800007,21.011415482000075],[105.32778930700005,21.013811111000052],[105.32682037400008,21.014781952000078],[105.32677459700005,21.016324997000027],[105.32774353000008,21.016914368000073],[105.32871246300004,21.016477585000075],[105.32891845700004,21.017391205000024],[105.32806396500007,21.01945495600006],[105.32658386200006,21.01964569100005],[105.32490539600008,21.021369934000063],[105.32392883300008,21.020278931000064],[105.32379913300008,21.017465591000075],[105.32209777800006,21.01949310300006],[105.32086181600005,21.018684387000064],[105.32176971400008,21.014659882000046],[105.31527710000006,21.011295319000055],[105.30484771700009,21.022289276000038],[105.29985046400009,21.02903556800004],[105.29725647000004,21.035217285000044],[105.29483032200005,21.04540252700008],[105.29404449500004,21.054676056000062],[105.30390930200008,21.07584190400007],[105.30791473400006,21.082824707000043],[105.31183624300007,21.08773231500004],[105.31725311300005,21.09266853300005],[105.31911468500005,21.099378586000057],[105.32050323500005,21.10991096500004],[105.32021331800007,21.112443924000047],[105.30570220900006,21.137794495000037],[105.29801178000008,21.144069672000057],[105.29253387500006,21.150917053000057],[105.28937530500008,21.158649445000037],[105.28813171400009,21.164133072000027],[105.28838348400006,21.167934418000073],[105.29437255900007,21.180212021000045],[105.29941558800004,21.186820984000065],[105.30407714800003,21.190496445000065],[105.31681823700006,21.198163986000054],[105.32521057100007,21.20468902600004],[105.33280944800003,21.21348953200004],[105.34635162400008,21.224546432000068],[105.34786987300004,21.22675514200006],[105.35002136200006,21.232429504000038],[105.35599517800006,21.26021385200005],[105.35672760000006,21.278055191000078],[105.36153411900005,21.28365325900006],[105.37446594200009,21.289539337000065],[105.37873077400008,21.292247772000053],[105.38681030300006,21.301496506000035],[105.39041137700008,21.30322456400006],[105.39395904500009,21.303318024000077],[105.40577697800006,21.299114227000075],[105.40956115700004,21.296264648000033],[105.42717742900004,21.277812958000027],[105.43161010700004,21.27430915800005],[105.43455505400004,21.27300071700006],[105.44067382800006,21.271879196000043],[105.44287109400005,21.27061843900003],[105.44371032700008,21.26973152200003],[105.44478607200006,21.264818192000064],[105.44747161900005,21.250585556000033],[105.45056915300006,21.24129676800004],[105.45215606700003,21.237993240000037],[105.45979309100005,21.228384018000042],[105.46207428000008,21.222709656000063],[105.46227264400005,21.218374252000046],[105.46575164800004,21.207658768000044],[105.46800994900008,21.182788849000076],[105.46984100300006,21.17875099200006],[105.47509765600006,21.172552109000037],[105.46947479200009,21.167839050000055]]]]},"geometry_name":"the_geom","properties":{"OBJECTID":1175,"Ma":"271","Ten":"Huyện Ba Vì","Cap":"Huyện","MaTP":"01","Tinh_Thanh":"Thành phố Hà Nội","Name":"Ba Vi District","Province":"Ha Noi City","name":"Ba Vì"}},{"type":"Feature","id":"vietnam_districts.110","geometry":{"type":"MultiPolygon","coordinates":[[[[105.69133758500004,21.08725547800003],[105.69564819300007,21.086017609000066],[105.69669342000009,21.08652877800006],[105.69726562500006,21.083282471000075],[105.69805908200004,21.08346748400004],[105.69804382300003,21.082565308000028],[105.70129394500009,21.080827713000076],[105.70120239300007,21.078155518000074],[105.69844055200008,21.074935913000047],[105.70514679000007,21.07126236000005],[105.70549774200003,21.07213020300003],[105.70824432400008,21.071651459000066],[105.70900726300005,21.073965073000068],[105.71733093300008,21.071714401000065],[105.71772766100008,21.070247650000056],[105.72092437700007,21.06955719000007],[105.72073364300007,21.068613052000046],[105.72426605200008,21.06601715100004],[105.72862096800009,21.061419159000025],[105.72968292200005,21.059047699000075],[105.72898101800007,21.058816910000075],[105.72944641100008,21.057538986000054],[105.72884368900009,21.056976318000068],[105.72945236000004,21.05656033100007],[105.72656250000006,21.052961349000043],[105.72868347200006,21.050539017000062],[105.72795105000006,21.04841613800005],[105.72951507600004,21.048061371000074],[105.72943115200007,21.04700660700007],[105.73160999200007,21.046467043000064],[105.73261261000005,21.04535484300004],[105.73207855200008,21.044687271000043],[105.73355102500005,21.043180466000024],[105.73410797100007,21.040718079000044],[105.73358917200005,21.03823661800004],[105.73500061000004,21.036838531000058],[105.73847198500005,21.03650665300006],[105.73825836200007,21.035573959000033],[105.73901367200006,21.034988403000057],[105.73896789600008,21.032691956000065],[105.73819732700008,21.032629013000076],[105.73876190200008,21.031816483000057],[105.73713684100005,21.03094291700006],[105.73844146700009,21.027297974000078],[105.73756408700007,21.026058197000054],[105.73911285400004,21.025188446000072],[105.73861694300007,21.02266693100006],[105.73775482200006,21.022342682000044],[105.73770141600005,21.02321624800004],[105.73695373500004,21.023315430000025],[105.73571014400005,21.021669388000078],[105.73446655300006,21.022773743000073],[105.73394012500006,21.02146911600005],[105.72980499300007,21.018024445000037],[105.73126983600008,21.016530991000025],[105.73255157500006,21.01680755600006],[105.73397064200009,21.01542854300004],[105.73240661600005,21.01194381700003],[105.73305005700007,21.011215295000056],[105.73302459700005,21.00811576800004],[105.73582458500005,21.00826072700005],[105.73517608600008,21.00503349300004],[105.73367309600008,21.004285812000035],[105.73411560100004,21.00274276700003],[105.73464202900004,21.002773285000046],[105.73528289800004,20.99658203100006],[105.73043060300006,20.995292664000033],[105.72988891600005,20.99377441400003],[105.73157501200006,20.99317741400006],[105.72998046900005,20.99173355100004],[105.73069763200004,20.990472794000027],[105.73281860400004,20.99067497300007],[105.73516845700004,20.98623466500004],[105.74183654800004,20.984458923000034],[105.74178314200009,20.982833862000064],[105.74053955100004,20.981510162000063],[105.74115753200005,20.973823547000052],[105.73886871300004,20.970365524000044],[105.73987579300007,20.96867370600006],[105.74073291700006,20.96888476400005],[105.74145688500005,20.96805954000007],[105.74181366000005,20.967027664000057],[105.74063110400004,20.965908051000042],[105.74114990200007,20.965002060000074],[105.74195861800007,20.965320587000065],[105.74285125700004,20.963893890000065],[105.73942565900006,20.96258163500005],[105.73883056600005,20.963743210000075],[105.73139190700005,20.959642410000072],[105.73033905000005,20.960863113000073],[105.72486877400007,20.955394745000035],[105.71504974400005,20.96308517500006],[105.71327209500004,20.968452454000044],[105.70944213900003,20.97261810300006],[105.70526123000008,20.973628998000038],[105.70069122300004,20.97731399500003],[105.69519805900006,20.97845459000007],[105.68907165500008,20.974418640000067],[105.68669128400006,20.97088241600005],[105.68672180200008,20.969402313000046],[105.68524169900007,20.970071793000045],[105.68465423600009,20.969612122000058],[105.68376159700006,20.970415115000037],[105.68586731000005,20.972505569000077],[105.68668365500008,20.97483444200003],[105.68520355200008,20.975133896000045],[105.68477630600006,20.976734161000024],[105.68186950700004,20.978139877000046],[105.67578125000006,20.986145020000038],[105.67436981200007,20.986619949000044],[105.67284393300008,20.98452949500006],[105.66767120400004,20.982116699000073],[105.66511535600006,20.982681274000072],[105.66487121600005,20.983716965000042],[105.66573333700006,20.985034943000073],[105.66494751000005,20.98589325000006],[105.66591083400004,20.986791680000067],[105.66686248800005,20.990444183000022],[105.66725886500006,20.996225799000058],[105.66690826400009,20.998596191000047],[105.66376495400004,21.002668381000035],[105.66303253200005,21.00634956400006],[105.66397857700008,21.007072449000077],[105.66377258300008,21.007961273000035],[105.66700744600007,21.009431839000058],[105.67359161400009,21.008241653000027],[105.67651367200006,21.009027481000032],[105.67637634300007,21.013483047000022],[105.67709350600006,21.013542175000055],[105.67638397200005,21.015041351000036],[105.67705535900006,21.01896667500006],[105.66859436000004,21.02393341100003],[105.66894531200006,21.024585724000076],[105.66727447500006,21.030511856000032],[105.66501617400007,21.031520844000056],[105.66560363800005,21.03213691700006],[105.66514587400007,21.033327103000033],[105.65453338600008,21.037521362000064],[105.65517425500008,21.039388657000075],[105.65332031200006,21.039354324000044],[105.65278755400004,21.04220077800005],[105.65093994100005,21.043132782000043],[105.65080261200006,21.04398536700006],[105.64942169200003,21.045421600000054],[105.64889526400003,21.055171967000035],[105.64803314200009,21.05845260600006],[105.64613342300004,21.060586929000067],[105.64592742900004,21.063215256000035],[105.64735412600004,21.065177917000028],[105.64810180700005,21.06461334200003],[105.64942932100007,21.06500625600006],[105.65550231900005,21.06000709500006],[105.65939331100009,21.058652878000032],[105.66157531700009,21.058713913000076],[105.66366577100007,21.060113907000073],[105.66463470500008,21.061990738000077],[105.66364288300008,21.06553077700005],[105.66669464100005,21.067516327000078],[105.66599273700007,21.068315506000033],[105.66416931200007,21.067937851000067],[105.66416931200007,21.070398331000035],[105.66680145300006,21.072605133000025],[105.66897583000008,21.071697235000045],[105.67025756800007,21.070207596000046],[105.67268371600005,21.070348740000043],[105.67213439900007,21.071897507000074],[105.67673163800004,21.075192956000024],[105.67542266800007,21.076780319000022],[105.67977142300003,21.080930710000075],[105.67759704600007,21.081508636000024],[105.67769622800006,21.084203720000062],[105.68022918700007,21.084470749000047],[105.68573761000005,21.08971786500007],[105.68731689500004,21.090127945000063],[105.69133758500004,21.08725547800003]]]]},"geometry_name":"the_geom","properties":{"OBJECTID":2400,"Ma":"274","Ten":"Huyện Hoài Đức","Cap":"Huyện","MaTP":"01","Tinh_Thanh":"Thành phố Hà Nội","Name":"Hoai Duc District","Province":"Ha Noi City","name":"Hoài Đức"}},{"type":"Feature","id":"vietnam_districts.111","geometry":{"type":"MultiPolygon","coordinates":[[[[105.64775085400004,21.04300308200004],[105.64679718000008,21.04262161300005],[105.64709472700008,21.040510178000034],[105.64813232400007,21.04022789000004],[105.65080261200006,21.04398536700006],[105.65093994100005,21.043132782000043],[105.65278755400004,21.04220077800005],[105.65332031200006,21.039354324000044],[105.65517425500008,21.039388657000075],[105.65453338600008,21.037521362000064],[105.66514587400007,21.033327103000033],[105.66560363800005,21.03213691700006],[105.66501617400007,21.031520844000056],[105.66727447500006,21.030511856000032],[105.66894531200006,21.024585724000076],[105.66859436000004,21.02393341100003],[105.67705535900006,21.01896667500006],[105.67638397200005,21.015041351000036],[105.67709350600006,21.013542175000055],[105.67637634300007,21.013483047000022],[105.67651367200006,21.009027481000032],[105.67359161400009,21.008241653000027],[105.66700744600007,21.009431839000058],[105.66377258300008,21.007961273000035],[105.66397857700008,21.007072449000077],[105.66303253200005,21.00634956400006],[105.66376495400004,21.002668381000035],[105.66690826400009,20.998596191000047],[105.66725886500006,20.996225799000058],[105.66686248800005,20.990444183000022],[105.66591083400004,20.986791680000067],[105.66494751000005,20.98589325000006],[105.66573333700006,20.985034943000073],[105.66487121600005,20.983716965000042],[105.66511535600006,20.982681274000072],[105.66767120400004,20.982116699000073],[105.67284393300008,20.98452949500006],[105.67436981200007,20.986619949000044],[105.67578125000006,20.986145020000038],[105.68186950700004,20.978139877000046],[105.68477630600006,20.976734161000024],[105.68520355200008,20.975133896000045],[105.68668365500008,20.97483444200003],[105.68586731000005,20.972505569000077],[105.68376159700006,20.970415115000037],[105.68465423600009,20.969612122000058],[105.68524169900007,20.970071793000045],[105.68672180200008,20.969402313000046],[105.68669128400006,20.97088241600005],[105.68907165500008,20.974418640000067],[105.69519805900006,20.97845459000007],[105.70069122300004,20.97731399500003],[105.70526123000008,20.973628998000038],[105.70944213900003,20.97261810300006],[105.71327209500004,20.968452454000044],[105.71504974400005,20.96308517500006],[105.72486877400007,20.955394745000035],[105.72572326700003,20.95325660700007],[105.72528839100005,20.951450348000037],[105.71598815900006,20.955722809000065],[105.71414947500006,20.956066132000046],[105.71210479700005,20.955276489000028],[105.70922088600008,20.957876205000048],[105.70717620800008,20.956258774000048],[105.70463562000003,20.95777511600005],[105.70423126200006,20.956735611000056],[105.70108795200008,20.957246780000048],[105.69960022000004,20.955707550000056],[105.69703674300007,20.956270218000043],[105.69609832800006,20.95515251200004],[105.69438934300007,20.955251694000026],[105.69351959200009,20.957109451000065],[105.69537353500004,20.962272644000052],[105.69579315200008,20.964443207000045],[105.69509124800004,20.96472740200005],[105.69226074200009,20.961606979000067],[105.69023895300006,20.962474823000036],[105.68615722700008,20.96123695400007],[105.68653392100003,20.95864963100007],[105.68273162800006,20.957916260000047],[105.68310546900005,20.955314636000026],[105.67994689900007,20.954130173000067],[105.67848968500005,20.950748444000055],[105.67645263700007,20.951503754000044],[105.66276550300006,20.948930740000037],[105.65176391600005,20.951629639000032],[105.64504974100004,20.951003103000062],[105.64495086700003,20.951929092000057],[105.64273071300005,20.95409965500005],[105.63830566400009,20.952939987000036],[105.63853454600007,20.95412254300004],[105.63498687700007,20.95403480500005],[105.63562774700006,20.95502281200004],[105.63365173300008,20.954948425000055],[105.63272857700008,20.949745178000057],[105.63049316400009,20.948362350000025],[105.63089752200005,20.947320938000075],[105.62631225600006,20.94312286400003],[105.62589263900009,20.941064835000077],[105.62218475300006,20.93981552100007],[105.62342834500004,20.938293457000043],[105.61800384500003,20.936384201000067],[105.61847686800007,20.934190750000027],[105.62022399900007,20.932912827000052],[105.61882782000004,20.930721283000025],[105.61696624800004,20.930353165000042],[105.61583709700005,20.932596207000074],[105.61462402300003,20.93333244300004],[105.61248016400003,20.931844711000053],[105.61528778100006,20.928476334000038],[105.61480712900004,20.926055908000023],[105.60909271200006,20.923524857000075],[105.60565185500008,20.924179077000076],[105.60402679400005,20.92259407000006],[105.60166168200004,20.922416687000066],[105.60102081300005,20.921031952000078],[105.60219574000007,20.918571472000053],[105.59745025600006,20.918054581000035],[105.59743499800004,20.913097382000046],[105.59397125200007,20.913879395000038],[105.59279632600004,20.912919998000064],[105.59259033200004,20.91119384800004],[105.59108734100005,20.91151428200004],[105.59157562300004,20.913105011000027],[105.58843994100005,20.913093567000033],[105.58740997300004,20.911323547000052],[105.58482360800008,20.910339355000076],[105.58282470700004,20.910976410000046],[105.58181762700008,20.90998268100003],[105.58131408700007,20.910417557000073],[105.58211517300003,20.912237167000058],[105.57925331300004,20.915545449000035],[105.57888793900008,20.915996552000024],[105.58052063000008,20.916316986000027],[105.58010101300005,20.91720581100003],[105.58114624000007,20.917966843000045],[105.58020019500009,20.919410706000065],[105.57962799100005,20.918922424000073],[105.57912445100004,20.920679092000057],[105.58216857900004,20.919939041000077],[105.58475494400005,20.92259407000006],[105.58128356900005,20.923614502000078],[105.58051300000005,20.928655624000044],[105.57440185500008,20.929870605000076],[105.57129669200003,20.927127838000047],[105.56604766800007,20.92720985400007],[105.56234741200007,20.926092148000066],[105.56079864500003,20.92458725000006],[105.55606842000009,20.926929474000076],[105.55362701400009,20.926424026000063],[105.55290222200006,20.92713928200004],[105.54653930700005,20.921743393000042],[105.54598999000007,20.92306518600003],[105.54151153600009,20.924980164000033],[105.53849029500009,20.92764854400008],[105.53227233900009,20.92282676700006],[105.52509307900004,20.91877555800005],[105.52289581300005,20.921276093000074],[105.52079772900004,20.92210006700003],[105.51250457800006,20.92229843100006],[105.50594329800003,20.926195145000065],[105.50240325900006,20.93097877500003],[105.49958801300005,20.930292130000055],[105.49469757100007,20.932939529000066],[105.49047851600005,20.934101105000025],[105.48749542200005,20.93846702600007],[105.48546600300006,20.939380646000075],[105.48497009300007,20.94177436800004],[105.47956848100006,20.94775390600006],[105.48586273200004,20.947502136000026],[105.48699951200007,20.95183563200004],[105.49201965300006,20.956523895000032],[105.49126434300007,20.959009171000048],[105.49136352500005,20.961940765000065],[105.49344635000006,20.964021683000055],[105.50100708000008,20.96718788100003],[105.50268554700006,20.96928596500004],[105.50387573200004,20.97972106900005],[105.50790405300006,20.97987175000003],[105.51050567600004,20.98076629600007],[105.51221466100009,20.98023223900003],[105.51412963900003,20.97864723200007],[105.51177215600006,20.977355957000043],[105.51766967800006,20.974775314000055],[105.51818084700005,20.973958969000023],[105.51963043200004,20.97384643600003],[105.52417755100004,20.969495773000062],[105.52288818400007,20.971767426000042],[105.52352905300006,20.973148346000073],[105.52436828600008,20.973754883000026],[105.52706909200003,20.97377395600006],[105.52700805700005,20.974767685000074],[105.53051757800006,20.97977638200007],[105.53406524700006,20.97772026100006],[105.53583526600005,20.978466034000064],[105.53507232700008,20.979480743000067],[105.53553009000007,20.979818344000023],[105.53811645500008,20.978879929000072],[105.54163360600006,20.978902817000062],[105.54239654500009,20.97999382000006],[105.54869079600007,20.98377037000006],[105.54912567100007,20.987224579000042],[105.55046081500006,20.98694610600006],[105.55156707800006,20.985652924000078],[105.55165100100004,20.98785400400004],[105.55417633100006,20.990335464000054],[105.55613708500005,20.990819931000033],[105.55615997300004,20.98793411300005],[105.55408477800006,20.98605918900006],[105.55442047100007,20.983434677000048],[105.55651855500008,20.982212067000034],[105.55791473400006,20.983026505000055],[105.55886840800008,20.982164383000054],[105.56182098400006,20.982578278000062],[105.56172943100006,20.981874466000022],[105.56423187300004,20.981178284000066],[105.56525421100008,20.979356766000024],[105.56677246100008,20.979124069000022],[105.56537628200005,20.977550507000046],[105.56950378400006,20.977067947000023],[105.56925201400009,20.97598266600005],[105.57078552200005,20.976305008000054],[105.57244014700007,20.974552509000034],[105.57424163800005,20.975133896000045],[105.57463836700003,20.976139069000055],[105.57343292200005,20.977581024000074],[105.57619476300005,20.97795867900004],[105.57569122300004,20.981689453000058],[105.57468414300007,20.982816696000043],[105.57593536400009,20.98558235200005],[105.57799530000005,20.985841751000066],[105.57690429700006,20.982780457000047],[105.57801055900006,20.981948853000063],[105.57868194600007,20.98196983300005],[105.57895660400004,20.982944489000033],[105.58097076400009,20.983032227000024],[105.58144378700007,20.984354019000023],[105.58018493700007,20.98536491400006],[105.58193206800007,20.98723983800005],[105.58246612500005,20.99038887000006],[105.58029174800004,20.990980148000062],[105.58103942900004,20.991325378000056],[105.57945251500007,20.99218940700007],[105.58026886000005,20.99473381000007],[105.58201599100005,20.996076584000036],[105.58036041300005,20.99678993200007],[105.58065795900006,21.00115013100003],[105.58409118700007,21.004222870000035],[105.58557128900009,21.002794266000024],[105.58743286100008,21.00313568100006],[105.58820343000008,21.004074097000057],[105.59260559100005,21.003847122000025],[105.59195709200009,21.005336761000024],[105.59069061300005,21.005012512000064],[105.59117889400005,21.007011414000033],[105.59384155300006,21.009325027000045],[105.59318542500006,21.010656357000073],[105.59378814700005,21.010913849000076],[105.59381866500007,21.01269340500005],[105.59478759800004,21.013319016000025],[105.59552002000004,21.01321792600004],[105.59731292700008,21.009460449000073],[105.59604644800004,21.008697510000047],[105.60153198200004,21.002861023000037],[105.60523986800007,21.00303268400006],[105.60480499300007,21.004222870000035],[105.60668182400008,21.004487991000076],[105.60693359400005,21.003257751000035],[105.60791015600006,21.00342941300005],[105.60794830300006,21.004821777000075],[105.61410522500006,21.006044388000078],[105.61513519300007,21.00698471100003],[105.61722564700005,21.004644394000024],[105.62361145000006,21.00714492800006],[105.62717437700007,21.003332138000076],[105.63116455100004,21.00968742400005],[105.63432312000003,21.007825851000064],[105.63654327400008,21.011079788000075],[105.63970947300004,21.009563446000072],[105.63966369600007,21.01191139200006],[105.63581848100006,21.015331268000068],[105.63306427000003,21.013240814000028],[105.62908935500008,21.016672134000032],[105.63416290300006,21.02519416800004],[105.63069152800006,21.027040482000075],[105.63336944600007,21.03503036500007],[105.63235473600008,21.035169601000064],[105.63237762500006,21.03694343600006],[105.63494873000008,21.036607742000058],[105.63489532500006,21.04199028000005],[105.63545990000006,21.041997910000077],[105.63486480700004,21.044345856000064],[105.64282226600005,21.04392814600004],[105.64305877700008,21.040838242000063],[105.64467620800008,21.04384803800008],[105.64649200400004,21.04377746600005],[105.64716339100005,21.046075821000045],[105.64778137200005,21.046091080000053],[105.64775085400004,21.04300308200004]]]]},"geometry_name":"the_geom","properties":{"OBJECTID":2401,"Ma":"275","Ten":"Huyện Quốc Oai","Cap":"Huyện","MaTP":"01","Tinh_Thanh":"Thành phố Hà Nội","Name":"Quoc Oai District","Province":"Ha Noi City","name":"Quốc Oai"}},{"type":"Feature","id":"vietnam_districts.206","geometry":{"type":"MultiPolygon","coordinates":[[[[105.48622894300007,21.163007736000054],[105.49021911600005,21.16121101400006],[105.51591491700003,21.156305313000075],[105.51532745400004,21.15238571200007],[105.51712799100005,21.152126312000064],[105.51714325000006,21.151208878000034],[105.51561737100008,21.145387650000032],[105.51615905800008,21.141078949000075],[105.52105712900004,21.140279770000063],[105.52233886700009,21.135562897000057],[105.52381134000007,21.135311127000023],[105.52462768600009,21.133813858000053],[105.52183532700008,21.13297271700003],[105.51999664300007,21.13117981000005],[105.51995849600007,21.129365921000044],[105.51906585700004,21.12855911300005],[105.51697540300006,21.12999153100003],[105.51597595200008,21.129045486000052],[105.51654052700007,21.128339767000057],[105.51595306400009,21.127929687000062],[105.51383209200009,21.12992095900006],[105.51332855200008,21.129323959000033],[105.51382446300005,21.12827873200007],[105.51143646200006,21.124336243000073],[105.50934600800008,21.124954224000078],[105.50505828900003,21.12268257100004],[105.50542174500004,21.120019459000048],[105.50338745100004,21.11761093100006],[105.50338745100004,21.11647987400005],[105.50225067100007,21.116268158000025],[105.50250244100005,21.11400032000006],[105.50160217300004,21.112808228000063],[105.50191497800006,21.10955238300005],[105.50276184100005,21.108913422000057],[105.50242614700005,21.107732773000066],[105.50301361100009,21.106615067000064],[105.50570678700007,21.10614967300006],[105.50630950900006,21.10209274300007],[105.50708007800006,21.101720810000074],[105.50553894000006,21.099332809000032],[105.50355529800004,21.099958420000064],[105.50284576400009,21.09888649000004],[105.50044250500008,21.09821701000004],[105.50215911900005,21.097003937000068],[105.50170135500008,21.095470428000056],[105.50228881800007,21.094993591000048],[105.50562286400009,21.095455170000037],[105.50751495400004,21.096427917000028],[105.50744628900009,21.097709656000063],[105.50809478800005,21.097669601000064],[105.51042175300006,21.09546661400003],[105.51169586200007,21.095142365000072],[105.51044464100005,21.09378433200004],[105.51475524900007,21.090183258000025],[105.51713562000003,21.090967178000028],[105.51769256600005,21.089155197000025],[105.52155304000007,21.090167999000073],[105.52337646500007,21.089004517000035],[105.52497863800005,21.08927154500003],[105.52514648400006,21.088445663000073],[105.52326965300006,21.087818146000075],[105.52410888700007,21.08656883200007],[105.52361012600005,21.084741519000033],[105.52410125700004,21.083703995000064],[105.52941131600005,21.082263947000058],[105.53095245400004,21.080623627000023],[105.53231048600009,21.080690384000036],[105.53233337400007,21.077053070000034],[105.53295135500008,21.07603645300003],[105.53105163600009,21.075391769000078],[105.53202811700004,21.07417644700007],[105.53497314500004,21.074785233000057],[105.53529357900004,21.07405281100006],[105.53761291500007,21.073612213000047],[105.53759765600006,21.072582245000035],[105.53579711900005,21.072710037000036],[105.53565216100009,21.071393967000063],[105.53125762900004,21.06928634600007],[105.53025054900007,21.067243576000067],[105.53043365500008,21.065153122000027],[105.52928161600005,21.064012527000045],[105.53143310500008,21.06142616300008],[105.53405761700009,21.06093978900003],[105.53395843500005,21.055583954000042],[105.53585052500006,21.055269241000076],[105.53442382800006,21.054811478000033],[105.53517150900007,21.053903580000053],[105.53161621100008,21.051956177000022],[105.53356933600008,21.05153274500003],[105.53485870400004,21.05220985400007],[105.53459930400004,21.050365448000036],[105.53365325900006,21.05069541900008],[105.53345489500003,21.049936295000066],[105.53012085000006,21.049304962000065],[105.53063964800003,21.04852676400003],[105.52925109900008,21.048101425000027],[105.52951049800004,21.04691696200007],[105.52831268300008,21.045955658000025],[105.52954101600005,21.044706345000066],[105.52845001200006,21.043239594000056],[105.52676391600005,21.04323196400003],[105.52577972400007,21.040672302000075],[105.52349853500004,21.039306641000053],[105.52263641400003,21.03724098200007],[105.52011871300004,21.035791397000025],[105.51715850800008,21.03575515700004],[105.51725769000006,21.03298187300004],[105.51487731900005,21.032545090000042],[105.51488494900008,21.031764984000063],[105.51248931900005,21.029800415000068],[105.51162719700005,21.027238846000046],[105.50927734400005,21.027900696000074],[105.50940704300007,21.025466919000053],[105.50639343300008,21.02482605000006],[105.48802185100004,21.040513992000058],[105.47161865200007,21.020965576000037],[105.46931457500006,21.021631241000023],[105.46487426800007,21.02447509800004],[105.46301269500009,21.02774620100007],[105.45839691200007,21.03042221100003],[105.45722198500005,21.031814575000055],[105.45906829800003,21.04631996200004],[105.45903015100004,21.047655106000036],[105.45719146700009,21.049749374000044],[105.45850372300004,21.055166245000066],[105.46139526400003,21.058017731000064],[105.46105957000009,21.061061859000063],[105.46173095700004,21.06246948200004],[105.46089935300006,21.064315796000074],[105.46234893800005,21.06613731400006],[105.46287536600005,21.068334579000066],[105.46449279800004,21.06841087300006],[105.46433258100006,21.070348740000043],[105.46531677200005,21.070751190000067],[105.46575927700007,21.072055817000034],[105.46508789100005,21.072496414000057],[105.46498870800008,21.071052551000037],[105.46293640100004,21.07087326000004],[105.46057891800007,21.068046570000035],[105.46117401100008,21.066215515000067],[105.46051025400004,21.065689087000067],[105.45894622800006,21.05893707300004],[105.45716857900004,21.059389114000055],[105.45797729500003,21.061681747000023],[105.45690155000005,21.062309265000067],[105.45875549300007,21.063842773000033],[105.45968627900004,21.066492081000035],[105.45931243900009,21.070541382000044],[105.45706939700005,21.068477631000064],[105.45706939700005,21.066755295000064],[105.45553588900003,21.06597709700003],[105.45443725600006,21.063339233000022],[105.45369720500008,21.063766479000037],[105.45444488500004,21.067182541000022],[105.44898223900009,21.062999725000054],[105.44610595700004,21.063024521000045],[105.44511413600009,21.062244415000066],[105.44229126000005,21.06477546700006],[105.44009399400005,21.065710068000044],[105.44116210900006,21.06710815400004],[105.43954467800006,21.06834411600005],[105.43919372600004,21.06947708100006],[105.44071197500006,21.07141304000004],[105.44049072300004,21.07248306300005],[105.44158935500008,21.074440002000074],[105.44074249300007,21.07584571800004],[105.44098663300008,21.077478409000037],[105.43841552700007,21.07948112500003],[105.43997192400008,21.07981109600007],[105.44021606400008,21.080993652000075],[105.44009399400005,21.081844330000024],[105.43813324000007,21.081726074000073],[105.43858337400007,21.083709717000033],[105.43955230700004,21.084653854000067],[105.43894195600006,21.086908340000036],[105.43981170700005,21.087779999000077],[105.43948364300007,21.088518143000044],[105.44042968700006,21.08944702100007],[105.44084930400004,21.09193420400004],[105.44422149700006,21.09373474100005],[105.44525146500007,21.095149994000053],[105.44114685100004,21.09762764000004],[105.44264221200007,21.098876953000058],[105.44155883800005,21.101558685000043],[105.44028472900004,21.102184296000075],[105.44094085700004,21.104566574000046],[105.43827819800003,21.10220146200004],[105.43484497100008,21.10165786700003],[105.43023681600005,21.103881836000028],[105.42778015100004,21.104162216000077],[105.42667388900009,21.10354232800006],[105.42584991500007,21.10393905600006],[105.42655181900005,21.10554122900004],[105.42379760700004,21.104736328000058],[105.42402648900008,21.105422974000078],[105.43029785200008,21.106637955000053],[105.43041992200006,21.109102249000046],[105.43139648400006,21.109418869000024],[105.42983245800008,21.11076545700007],[105.42993164100005,21.115299225000058],[105.42915344200009,21.117280960000073],[105.43105316200007,21.119983673000036],[105.42527008100006,21.122142792000034],[105.42427063000008,21.12636566200007],[105.42523193400007,21.128641129000073],[105.42379760700004,21.12924957300004],[105.42156219500004,21.131757736000054],[105.42033386200006,21.13164329500006],[105.41996002200005,21.133071899000072],[105.41860961900005,21.133630753000034],[105.41862487800006,21.134830475000058],[105.41618347200006,21.13443374600007],[105.41359710700004,21.13524627700008],[105.41513824500004,21.136611938000044],[105.41551971400008,21.138877869000055],[105.41867828400007,21.13923263500004],[105.41921997100008,21.14175033600003],[105.42055511500007,21.142171860000076],[105.42018127400007,21.14372062700005],[105.42387390100004,21.147237778000033],[105.42779541000004,21.14745903000005],[105.43289184600008,21.151439667000034],[105.43463897700008,21.151378632000046],[105.43782043500005,21.14722061200007],[105.44542694100005,21.14933013900003],[105.44606781000005,21.146650314000055],[105.44889068600008,21.147003174000076],[105.44841766400003,21.143995285000074],[105.45142364500003,21.14270782500006],[105.45387268100006,21.14529800400004],[105.45198822000003,21.147199631000035],[105.45704650900007,21.145486832000074],[105.45932769800004,21.14972496000007],[105.46138000500008,21.150222778000057],[105.46165466300005,21.152359009000065],[105.46047973600008,21.15375709500006],[105.46150970500008,21.153915405000077],[105.46218872100008,21.15630722000003],[105.46396637000004,21.155899048000038],[105.46418762200005,21.157573700000057],[105.46255493200005,21.158542633000025],[105.46301269500009,21.159545898000033],[105.46700286900005,21.161289215000068],[105.46598815900006,21.162466049000045],[105.46752166700009,21.16369056700006],[105.46778869600007,21.168621063000046],[105.46893310500008,21.168657303000032],[105.46947479200009,21.167839050000055],[105.47509765600006,21.172552109000037],[105.48622894300007,21.163007736000054]]]]},"geometry_name":"the_geom","properties":{"OBJECTID":1317,"Ma":"269","Ten":"Thị xã Sơn Tây","Cap":"Thị xã","MaTP":"01","Tinh_Thanh":"Thành phố Hà Nội","Name":"Son Tay Town","Province":"Ha Noi City","name":"Sơn Tây"}},{"type":"Feature","id":"vietnam_districts.222","geometry":{"type":"MultiPolygon","coordinates":[[[[105.73379516600005,21.052394867000032],[105.73443603500004,21.05089569100005],[105.73522949200009,21.05163574200003],[105.73574829100005,21.051097870000035],[105.73532104500003,21.05014610300003],[105.73709106400008,21.049726486000054],[105.73661804200003,21.046459198000036],[105.73706054700006,21.04539299000004],[105.75041961700003,21.040681839000058],[105.75337219200009,21.037975311000025],[105.75774383500004,21.038894653000057],[105.75855255100004,21.038360596000075],[105.76067352300004,21.040050507000046],[105.76202392600004,21.04265976000005],[105.76511383100006,21.043706894000024],[105.76757812500006,21.047231674000045],[105.77149963400007,21.045349121000072],[105.76875305200008,21.04245185900004],[105.76770019500009,21.03972435000003],[105.76797485400004,21.036972046000074],[105.76872253400006,21.036708832000045],[105.76866149900007,21.035959244000026],[105.77282714800003,21.034614563000048],[105.77391815200008,21.033657074000075],[105.77372741700003,21.03277397200003],[105.77544403100006,21.032716751000066],[105.77545160700004,21.031638974000032],[105.78185272200005,21.031255722000026],[105.78172302200005,21.029033661000028],[105.78388214100005,21.02922058100006],[105.78404998800005,21.022760391000077],[105.78333282500006,21.020383835000075],[105.78504943800004,21.017538071000047],[105.78605651900006,21.01758003200007],[105.79126739500003,21.01113891600005],[105.79022216800007,21.010400772000025],[105.79156494100005,21.008749008000052],[105.78942108200005,21.007175446000076],[105.79267120400004,21.003217697000025],[105.79138183600008,21.002359390000038],[105.79247283900008,21.000740051000037],[105.79299163800005,21.001121521000073],[105.79254150400004,20.999048233000053],[105.79586029100005,20.99847984300004],[105.79535675000005,20.995635986000025],[105.79674530000005,20.995182037000063],[105.79561615000006,20.99169349700003],[105.79917144800004,20.988611221000042],[105.79553222700008,20.986013412000034],[105.79322814900007,20.98440170300006],[105.79292297400008,20.985370636000027],[105.78688049300007,20.985584259000063],[105.78412628200005,20.986555099000043],[105.78798675500008,20.986120224000047],[105.78836822500006,20.98686409000004],[105.78610229500003,20.987630844000023],[105.78660583500005,20.98872184800007],[105.78443145800009,20.988901138000074],[105.78394317600004,20.98702621500007],[105.78155840800008,20.98864093000003],[105.78058624300007,20.988327026000036],[105.77803802500006,20.984086990000037],[105.77544403100006,20.985960007000074],[105.77339935300006,20.985042572000054],[105.77159881600005,20.985925674000043],[105.76731872600004,20.983404160000077],[105.76693725600006,20.984752655000023],[105.76594543500005,20.984540939000055],[105.76612091100009,20.982908249000047],[105.76475524900007,20.98290252700008],[105.76416778600009,20.98009681700006],[105.76197814900007,20.979730606000032],[105.76112365700004,20.98064613300005],[105.75929260300006,20.980655670000033],[105.75923919700006,20.981763840000042],[105.75777435300006,20.981178284000066],[105.75815582300004,20.98519897500006],[105.75566101100009,20.989727020000032],[105.74475097700008,20.99366569500006],[105.74416351300005,20.995502472000055],[105.74040985100004,20.99458122300007],[105.74015045200008,20.995439529000066],[105.73882293700007,20.994953156000065],[105.73782348600008,20.996648788000073],[105.73528289800004,20.99658203100006],[105.73464202900004,21.002773285000046],[105.73411560100004,21.00274276700003],[105.73367309600008,21.004285812000035],[105.73517608600008,21.00503349300004],[105.73582458500005,21.00826072700005],[105.73302459700005,21.00811576800004],[105.73305005700007,21.011215295000056],[105.73240661600005,21.01194381700003],[105.73397064200009,21.01542854300004],[105.73255157500006,21.01680755600006],[105.73126983600008,21.016530991000025],[105.72980499300007,21.018024445000037],[105.73394012500006,21.02146911600005],[105.73446655300006,21.022773743000073],[105.73571014400005,21.021669388000078],[105.73695373500004,21.023315430000025],[105.73770141600005,21.02321624800004],[105.73775482200006,21.022342682000044],[105.73861694300007,21.02266693100006],[105.73911285400004,21.025188446000072],[105.73756408700007,21.026058197000054],[105.73844146700009,21.027297974000078],[105.73713684100005,21.03094291700006],[105.73876190200008,21.031816483000057],[105.73819732700008,21.032629013000076],[105.73896789600008,21.032691956000065],[105.73901367200006,21.034988403000057],[105.73825836200007,21.035573959000033],[105.73847198500005,21.03650665300006],[105.73500061000004,21.036838531000058],[105.73358917200005,21.03823661800004],[105.73410797100007,21.040718079000044],[105.73355102500005,21.043180466000024],[105.73207855200008,21.044687271000043],[105.73261261000005,21.04535484300004],[105.73160999200007,21.046467043000064],[105.72943115200007,21.04700660700007],[105.72951507600004,21.048061371000074],[105.72795105000006,21.04841613800005],[105.72868347200006,21.050539017000062],[105.72656250000006,21.052961349000043],[105.72945236000004,21.05656033100007],[105.73259503500009,21.05441251700006],[105.73259735100004,21.052881241000023],[105.73379516600005,21.052394867000032]]]]},"geometry_name":"the_geom","properties":{"OBJECTID":519,"Ma":"019","Ten":"Quận Nam Từ Liêm","Cap":"Quận","MaTP":"01","Tinh_Thanh":"Thành phố Hà Nội","Name":"Nam Tu Liem District","Province":"Ha Noi City","name":"Nam Từ Liêm"}},{"type":"Feature","id":"vietnam_districts.223","geometry":{"type":"MultiPolygon","coordinates":[[[[105.75199890100004,21.092832565000037],[105.76849365200007,21.093620300000055],[105.77671814000007,21.09646415700007],[105.78825378400006,21.097110748000034],[105.79523468000008,21.09829521200004],[105.79178619400005,21.09119415300006],[105.79172515900007,21.090167999000073],[105.79307556200007,21.09014892600004],[105.79393005400004,21.080030441000076],[105.79457092300004,21.079301834000034],[105.79584503200005,21.08024787900007],[105.79944610600006,21.07964325000006],[105.79940033000008,21.07866096500004],[105.80113983200005,21.078449249000073],[105.79998779300007,21.073848724000072],[105.80375671400009,21.072376251000037],[105.80335463200004,21.070023499000058],[105.80477142300003,21.068929672000024],[105.80387115500008,21.067592621000074],[105.80499267600004,21.065879822000056],[105.79663085900006,21.058027267000057],[105.79992675800008,21.055334091000077],[105.79490661600005,21.050317764000056],[105.79415130600006,21.049837112000034],[105.79499816900005,21.048660278000057],[105.79462432900004,21.046194077000052],[105.79075622600004,21.046157837000067],[105.79069519000006,21.04770660400004],[105.79004669200003,21.04819297800003],[105.79152679400005,21.047903061000056],[105.79148101800007,21.049043655000048],[105.78993988000008,21.04922866800007],[105.78928375200007,21.051897049000047],[105.78694915800008,21.051240921000044],[105.78674316400009,21.049432755000055],[105.78852081300005,21.047210693000068],[105.78808593700006,21.04658317600007],[105.79016113300008,21.04731559800007],[105.79032135000006,21.04614448500007],[105.78639221200007,21.046131134000063],[105.78637544500003,21.044302109000057],[105.78495025600006,21.043825150000032],[105.78113555900006,21.044075012000064],[105.78153228800005,21.049570084000038],[105.77447509800004,21.04841423000005],[105.77149963400007,21.045349121000072],[105.76757812500006,21.047231674000045],[105.76511383100006,21.043706894000024],[105.76202392600004,21.04265976000005],[105.76067352300004,21.040050507000046],[105.75855255100004,21.038360596000075],[105.75774383500004,21.038894653000057],[105.75337219200009,21.037975311000025],[105.75041961700003,21.040681839000058],[105.73706054700006,21.04539299000004],[105.73661804200003,21.046459198000036],[105.73709106400008,21.049726486000054],[105.73532104500003,21.05014610300003],[105.73574829100005,21.051097870000035],[105.73522949200009,21.05163574200003],[105.73443603500004,21.05089569100005],[105.73379516600005,21.052394867000032],[105.73259735100004,21.052881241000023],[105.73259503500009,21.05441251700006],[105.72945236000004,21.05656033100007],[105.72884368900009,21.056976318000068],[105.72944641100008,21.057538986000054],[105.72898101800007,21.058816910000075],[105.72968292200005,21.059047699000075],[105.72862096800009,21.061419159000025],[105.72426605200008,21.06601715100004],[105.72073364300007,21.068613052000046],[105.72092437700007,21.06955719000007],[105.71772766100008,21.070247650000056],[105.71733093300008,21.071714401000065],[105.71899414100005,21.074775696000074],[105.72003173800005,21.07242775000003],[105.72376251200006,21.074655533000055],[105.72354126000005,21.076633453000056],[105.72611999500003,21.07840728800005],[105.72756958000008,21.08156204200003],[105.72741699200009,21.083414078000033],[105.72584533700007,21.08592414900005],[105.72592163100006,21.093446732000075],[105.72671508800005,21.09395027200003],[105.72492981000005,21.096563339000056],[105.72610473600008,21.099201202000074],[105.72955322300004,21.099609375000057],[105.73699951200007,21.105110168000067],[105.74793243400006,21.094758987000034],[105.75199890100004,21.092832565000037]]]]},"geometry_name":"the_geom","properties":{"OBJECTID":520,"Ma":"021","Ten":"Quận Bắc Từ Liêm","Cap":"Quận","MaTP":"01","Tinh_Thanh":"Thành phố Hà Nội","Name":"Bac Tu Liem District","Province":"Ha Noi City","name":"Bắc Từ Liêm"}},{"type":"Feature","id":"vietnam_districts.285","geometry":{"type":"MultiPolygon","coordinates":[[[[105.55761718700006,21.10180282600004],[105.56338501000005,21.099925995000035],[105.57234191900005,21.10023307800003],[105.57587432900004,21.09930801400003],[105.57530975300006,21.09733963000008],[105.57671356200007,21.092283249000047],[105.57534790000005,21.088266373000067],[105.57630157500006,21.087444305000076],[105.57637023900008,21.085683823000068],[105.57510376000005,21.08212089500006],[105.58114624000007,21.077806473000066],[105.58318328900003,21.074804306000033],[105.59046173100006,21.076688766000075],[105.59319305400004,21.078361511000026],[105.59493255600006,21.074672699000075],[105.60138702400008,21.073209763000023],[105.60771179200003,21.070293427000024],[105.61104583700006,21.072772980000025],[105.61204528800005,21.070915222000053],[105.61581420900006,21.06811523400006],[105.61652374300007,21.06900787400008],[105.62439727800006,21.06488418600003],[105.62897846900006,21.060241767000036],[105.63260650600006,21.052429199000073],[105.63079071000004,21.051105499000073],[105.63486480700004,21.044345856000064],[105.63545990000006,21.041997910000077],[105.63489532500006,21.04199028000005],[105.63494873000008,21.036607742000058],[105.63237762500006,21.03694343600006],[105.63235473600008,21.035169601000064],[105.63336944600007,21.03503036500007],[105.63069152800006,21.027040482000075],[105.63416290300006,21.02519416800004],[105.62908935500008,21.016672134000032],[105.63306427000003,21.013240814000028],[105.63581848100006,21.015331268000068],[105.63966369600007,21.01191139200006],[105.63970947300004,21.009563446000072],[105.63654327400008,21.011079788000075],[105.63432312000003,21.007825851000064],[105.63116455100004,21.00968742400005],[105.62717437700007,21.003332138000076],[105.62361145000006,21.00714492800006],[105.61722564700005,21.004644394000024],[105.61513519300007,21.00698471100003],[105.61410522500006,21.006044388000078],[105.60794830300006,21.004821777000075],[105.60791015600006,21.00342941300005],[105.60693359400005,21.003257751000035],[105.60668182400008,21.004487991000076],[105.60480499300007,21.004222870000035],[105.60523986800007,21.00303268400006],[105.60153198200004,21.002861023000037],[105.59604644800004,21.008697510000047],[105.59731292700008,21.009460449000073],[105.59552002000004,21.01321792600004],[105.59478759800004,21.013319016000025],[105.59381866500007,21.01269340500005],[105.59378814700005,21.010913849000076],[105.59318542500006,21.010656357000073],[105.59384155300006,21.009325027000045],[105.59117889400005,21.007011414000033],[105.59069061300005,21.005012512000064],[105.59195709200009,21.005336761000024],[105.59260559100005,21.003847122000025],[105.58820343000008,21.004074097000057],[105.58743286100008,21.00313568100006],[105.58557128900009,21.002794266000024],[105.58409118700007,21.004222870000035],[105.58065795900006,21.00115013100003],[105.58036041300005,20.99678993200007],[105.58201599100005,20.996076584000036],[105.58026886000005,20.99473381000007],[105.57945251500007,20.99218940700007],[105.58103942900004,20.991325378000056],[105.58029174800004,20.990980148000062],[105.58246612500005,20.99038887000006],[105.58193206800007,20.98723983800005],[105.58018493700007,20.98536491400006],[105.58144378700007,20.984354019000023],[105.58097076400009,20.983032227000024],[105.57895660400004,20.982944489000033],[105.57868194600007,20.98196983300005],[105.57801055900006,20.981948853000063],[105.57690429700006,20.982780457000047],[105.57799530000005,20.985841751000066],[105.57593536400009,20.98558235200005],[105.57468414300007,20.982816696000043],[105.57569122300004,20.981689453000058],[105.57619476300005,20.97795867900004],[105.57343292200005,20.977581024000074],[105.57463836700003,20.976139069000055],[105.57424163800005,20.975133896000045],[105.57244014700007,20.974552509000034],[105.57078552200005,20.976305008000054],[105.56925201400009,20.97598266600005],[105.56950378400006,20.977067947000023],[105.56537628200005,20.977550507000046],[105.56677246100008,20.979124069000022],[105.56525421100008,20.979356766000024],[105.56423187300004,20.981178284000066],[105.56172943100006,20.981874466000022],[105.56182098400006,20.982578278000062],[105.55886840800008,20.982164383000054],[105.55791473400006,20.983026505000055],[105.55651855500008,20.982212067000034],[105.55442047100007,20.983434677000048],[105.55408477800006,20.98605918900006],[105.55615997300004,20.98793411300005],[105.55613708500005,20.990819931000033],[105.55417633100006,20.990335464000054],[105.55165100100004,20.98785400400004],[105.55156707800006,20.985652924000078],[105.55046081500006,20.98694610600006],[105.54912567100007,20.987224579000042],[105.54869079600007,20.98377037000006],[105.54239654500009,20.97999382000006],[105.54163360600006,20.978902817000062],[105.53811645500008,20.978879929000072],[105.53553009000007,20.979818344000023],[105.53507232700008,20.979480743000067],[105.53583526600005,20.978466034000064],[105.53406524700006,20.97772026100006],[105.53051757800006,20.97977638200007],[105.52700805700005,20.974767685000074],[105.52706909200003,20.97377395600006],[105.52436828600008,20.973754883000026],[105.52352905300006,20.973148346000073],[105.52288818400007,20.971767426000042],[105.52417755100004,20.969495773000062],[105.51963043200004,20.97384643600003],[105.51818084700005,20.973958969000023],[105.51766967800006,20.974775314000055],[105.51177215600006,20.977355957000043],[105.51412963900003,20.97864723200007],[105.51221466100009,20.98023223900003],[105.51050567600004,20.98076629600007],[105.50790405300006,20.97987175000003],[105.50387573200004,20.97972106900005],[105.50268554700006,20.96928596500004],[105.50100708000008,20.96718788100003],[105.49344635000006,20.964021683000055],[105.49136352500005,20.961940765000065],[105.49126434300007,20.959009171000048],[105.49201965300006,20.956523895000032],[105.48699951200007,20.95183563200004],[105.48586273200004,20.947502136000026],[105.47956848100006,20.94775390600006],[105.46933746300004,20.947050095000066],[105.46714019800004,20.94507598900003],[105.46171569800003,20.946487427000022],[105.45139312700007,20.95397186300005],[105.44380188000008,20.955963135000047],[105.44412994400005,20.958393097000055],[105.44287872300004,20.96328353900003],[105.43624877900004,20.974765778000062],[105.43241119400005,20.979080200000055],[105.42233276400003,20.983657837000067],[105.41778564500004,20.99778556800004],[105.40859222400007,20.99858284000004],[105.40322876000005,20.998065948000033],[105.39691162100007,21.000915527000075],[105.39374542200005,21.003423691000023],[105.39214325000006,21.006027222000057],[105.39210510300006,21.01450347900004],[105.39363098100006,21.013843536000024],[105.39756774900007,21.01490020800003],[105.40254974400005,21.013820648000035],[105.40825653100006,21.017469406000032],[105.41127014200003,21.018150330000026],[105.41301727300004,21.014198303000057],[105.41676330600006,21.011348724000072],[105.42356109600007,21.013544083000056],[105.43037414600008,21.01508522000006],[105.43131256100008,21.01473236100003],[105.43385314900007,21.017139435000047],[105.43527984600007,21.01711845400007],[105.43706512500006,21.016052246000072],[105.44070434600008,21.015670776000036],[105.44297027600004,21.013973236000027],[105.44564819300007,21.014978409000037],[105.44837188700006,21.01479911800004],[105.45480346700003,21.01148986800007],[105.45702362100008,21.011589050000055],[105.45928955100004,21.013128281000036],[105.46017456100009,21.012990952000052],[105.46707916300005,21.00901985200005],[105.46828460700004,21.010921478000057],[105.46793365500008,21.013103485000045],[105.47005462600004,21.016334534000066],[105.47161865200007,21.020965576000037],[105.48802185100004,21.040513992000058],[105.50639343300008,21.02482605000006],[105.50940704300007,21.025466919000053],[105.50927734400005,21.027900696000074],[105.51162719700005,21.027238846000046],[105.51248931900005,21.029800415000068],[105.51488494900008,21.031764984000063],[105.51487731900005,21.032545090000042],[105.51725769000006,21.03298187300004],[105.51715850800008,21.03575515700004],[105.52011871300004,21.035791397000025],[105.52263641400003,21.03724098200007],[105.52349853500004,21.039306641000053],[105.52577972400007,21.040672302000075],[105.52676391600005,21.04323196400003],[105.52845001200006,21.043239594000056],[105.52954101600005,21.044706345000066],[105.52831268300008,21.045955658000025],[105.52951049800004,21.04691696200007],[105.52925109900008,21.048101425000027],[105.53063964800003,21.04852676400003],[105.53012085000006,21.049304962000065],[105.53345489500003,21.049936295000066],[105.53365325900006,21.05069541900008],[105.53459930400004,21.050365448000036],[105.53485870400004,21.05220985400007],[105.53356933600008,21.05153274500003],[105.53161621100008,21.051956177000022],[105.53517150900007,21.053903580000053],[105.53442382800006,21.054811478000033],[105.53585052500006,21.055269241000076],[105.53395843500005,21.055583954000042],[105.53405761700009,21.06093978900003],[105.53143310500008,21.06142616300008],[105.52928161600005,21.064012527000045],[105.53043365500008,21.065153122000027],[105.53025054900007,21.067243576000067],[105.53125762900004,21.06928634600007],[105.53565216100009,21.071393967000063],[105.53579711900005,21.072710037000036],[105.53759765600006,21.072582245000035],[105.53761291500007,21.073612213000047],[105.53529357900004,21.07405281100006],[105.53497314500004,21.074785233000057],[105.53202811700004,21.07417644700007],[105.53105163600009,21.075391769000078],[105.53295135500008,21.07603645300003],[105.53233337400007,21.077053070000034],[105.53231048600009,21.080690384000036],[105.53095245400004,21.080623627000023],[105.52941131600005,21.082263947000058],[105.52410125700004,21.083703995000064],[105.52361012600005,21.084741519000033],[105.52410888700007,21.08656883200007],[105.52326965300006,21.087818146000075],[105.52514648400006,21.088445663000073],[105.52497863800005,21.08927154500003],[105.52584838900003,21.089733124000077],[105.52724456800007,21.089302063000048],[105.52796173100006,21.091318130000047],[105.53215026900006,21.089969635000045],[105.53953552200005,21.090917587000035],[105.54091644300007,21.09364891100006],[105.54245758100006,21.09424591100003],[105.54323577900004,21.09589576700006],[105.54417419400005,21.094345093000072],[105.54605865500008,21.093643188000044],[105.54732513400006,21.09518814100005],[105.54825592000009,21.094589233000022],[105.54953765900007,21.094886780000024],[105.55002594000007,21.096834183000055],[105.55451965300006,21.095964432000073],[105.55761718700006,21.10180282600004]]]]},"geometry_name":"the_geom","properties":{"OBJECTID":2421,"Ma":"276","Ten":"Huyện Thạch Thất","Cap":"Huyện","MaTP":"01","Tinh_Thanh":"Thành phố Hà Nội","Name":"Thach That District","Province":"Ha Noi City","name":"Thạch Thất"}},{"type":"Feature","id":"vietnam_districts.366","geometry":{"type":"MultiPolygon","coordinates":[[[[105.88021087600004,20.90983009300004],[105.88812255900007,20.90822982800006],[105.88817596400008,20.906183243000044],[105.88938903800005,20.905952454000044],[105.89067077600004,20.907960892000062],[105.89194488500004,20.907779694000055],[105.89272308300008,20.90942573500007],[105.89973449700005,20.905117035000046],[105.89582061800007,20.90130043000005],[105.89490509000007,20.89875793500005],[105.89488983200005,20.895645142000035],[105.89665985100004,20.892496109000035],[105.90049743700007,20.889781952000078],[105.90946197500006,20.88661956800007],[105.91490936300005,20.88389205900006],[105.93127441400009,20.874080658000025],[105.93537139900008,20.86861610400007],[105.93637085000006,20.86438369800004],[105.93613433800004,20.856081009000036],[105.93420410200008,20.852518082000074],[105.93196106000005,20.85005950900006],[105.92203521700009,20.84548187300004],[105.91650390600006,20.84129715000006],[105.91356658900008,20.837041855000052],[105.91156005900007,20.83054351800007],[105.91140747100008,20.823127747000058],[105.91252136200006,20.816745758000025],[105.91930389400005,20.797210693000068],[105.92315673800005,20.790927887000066],[105.91728973400006,20.787107468000045],[105.91636657700008,20.788631439000028],[105.91326904300007,20.78676033000005],[105.91341400100004,20.784723282000073],[105.91278839100005,20.78442573500007],[105.91308593700006,20.782531738000046],[105.91255950900006,20.78222465500005],[105.91326904300007,20.78022575400007],[105.91182708700006,20.774496078000027],[105.91359710700004,20.77241134600007],[105.91307067900004,20.771570206000035],[105.91601562500006,20.767129898000064],[105.91935730000006,20.763870239000028],[105.91238403300008,20.760747910000077],[105.91151428200004,20.75983238200007],[105.91207885700004,20.75845336900005],[105.91133117700008,20.75873947100007],[105.91051483200005,20.757450104000043],[105.90931701700003,20.757888794000053],[105.90625000000006,20.75645256000007],[105.90496063200004,20.75288009600007],[105.90363311800007,20.75355911300005],[105.90298461900005,20.752307892000033],[105.89906311000004,20.75478553800008],[105.89804840100004,20.753889084000036],[105.89635467500005,20.75500679000004],[105.89527893100006,20.754501343000072],[105.89427185100004,20.755292892000057],[105.89005279500009,20.751901627000052],[105.88735199000007,20.754022598000063],[105.88689422600004,20.75603866600005],[105.89134216300005,20.763946533000023],[105.89562988300008,20.767337799000074],[105.89486694300007,20.768827438000073],[105.89676666300005,20.772325516000024],[105.89580535900006,20.773580551000066],[105.89310455300006,20.772365570000034],[105.89255523700007,20.773462296000048],[105.88991546600005,20.772216797000056],[105.88703918500005,20.781333923000034],[105.88494873000008,20.780612946000076],[105.88427734400005,20.782627106000064],[105.88198852500005,20.78172302200005],[105.88031768800005,20.78276825000006],[105.88189697300004,20.78360557600007],[105.88104248000008,20.784507751000035],[105.87796020500008,20.78602027900007],[105.87700661900004,20.78487308600006],[105.86840057400008,20.78982162500006],[105.87166595500008,20.79438781700003],[105.86939239500003,20.795631409000066],[105.86996460000006,20.79681968700004],[105.85971832300004,20.80009079000007],[105.85814666700009,20.799543381000035],[105.85308075000006,20.80189895600006],[105.84262847900004,20.796091080000053],[105.83414459200009,20.795070648000035],[105.83415222200006,20.800558090000038],[105.83684539800004,20.80040931700006],[105.83689117400007,20.804937363000022],[105.83876037600004,20.805084229000045],[105.83973693800004,20.809906006000062],[105.83931732200006,20.811510086000055],[105.83861541700009,20.811519623000038],[105.83917236300005,20.81420898400006],[105.84127044700006,20.81392097500003],[105.84146118200005,20.814922333000027],[105.83675384500003,20.817514420000066],[105.83647155800008,20.821729660000074],[105.83764648400006,20.823947906000058],[105.83029174800004,20.825365067000064],[105.82727813700006,20.82769012500006],[105.82915496800007,20.827413559000036],[105.82778167700008,20.830259323000064],[105.82810974100005,20.831819534000033],[105.82711792000003,20.83438682600007],[105.82408142100007,20.83724594100005],[105.82183075000006,20.841121674000078],[105.82357788100006,20.84156036400003],[105.82139587400007,20.85392570500005],[105.82224273700007,20.856559753000056],[105.81986236600005,20.857141495000064],[105.81943512000004,20.85852241500004],[105.82078552200005,20.859102249000046],[105.82060241700003,20.860361099000045],[105.82443479700004,20.86155704300006],[105.82245636000005,20.866125107000073],[105.82405853300008,20.869829178000032],[105.81893158000008,20.870592117000058],[105.81559753400006,20.870302200000026],[105.81533050500008,20.87172508200007],[105.81675720200008,20.874059677000048],[105.81540679900007,20.878087997000023],[105.81594085700004,20.879207611000027],[105.81407165500008,20.879787445000034],[105.81566430500004,20.88602561500005],[105.81420135500008,20.88681602500003],[105.81269836400008,20.893121719000078],[105.81282806400009,20.895259857000042],[105.81495666500007,20.89545059200003],[105.81266021700009,20.897010803000057],[105.81266784700006,20.89812851000005],[105.81620788600009,20.899486542000034],[105.81568908700007,20.902654648000066],[105.82532501200006,20.90331840500005],[105.82574462900004,20.900594711000053],[105.82694244400005,20.90058517500006],[105.82695007300003,20.898944855000025],[105.82771301300005,20.898553848000063],[105.82719421400009,20.897630692000064],[105.82792663600009,20.89727401700003],[105.83039093000008,20.898097992000032],[105.82848358200005,20.899805069000024],[105.82911682100007,20.90088462800003],[105.83103179900007,20.900196075000053],[105.83130645800009,20.901077271000077],[105.83291626000005,20.901575089000062],[105.83264160200008,20.90283203100006],[105.83363646500004,20.905565240000044],[105.83303070100004,20.907007217000057],[105.83342742900004,20.909185410000077],[105.83939361600005,20.909564972000055],[105.84105682400008,20.90850067100007],[105.83961486800007,20.90281677200005],[105.85112762500006,20.899103165000042],[105.85391235400004,20.896984100000054],[105.85465240500008,20.898052216000053],[105.85347747800006,20.902093887000035],[105.85620117200006,20.903863907000073],[105.85902404800004,20.907192230000078],[105.86482238800005,20.905008316000078],[105.86774444600007,20.909111023000037],[105.86987304700006,20.90813255300003],[105.86985015900007,20.907594681000035],[105.87366485600006,20.906192780000026],[105.87562561000004,20.906192780000026],[105.87641906700009,20.910259247000056],[105.87721252400007,20.910152435000043],[105.87841796900005,20.911596298000063],[105.88068389900008,20.91180229200006],[105.88021087600004,20.90983009300004]]]]},"geometry_name":"the_geom","properties":{"OBJECTID":3644,"Ma":"279","Ten":"Huyện Thường Tín","Cap":"Huyện","MaTP":"01","Tinh_Thanh":"Thành phố Hà Nội","Name":"Thuong Tin District","Province":"Ha Noi City","name":"Thường Tín"}},{"type":"Feature","id":"vietnam_districts.325","geometry":{"type":"MultiPolygon","coordinates":[[[[105.73782348600008,20.996648788000073],[105.73882293700007,20.994953156000065],[105.74015045200008,20.995439529000066],[105.74040985100004,20.99458122300007],[105.74416351300005,20.995502472000055],[105.74475097700008,20.99366569500006],[105.75566101100009,20.989727020000032],[105.75815582300004,20.98519897500006],[105.75777435300006,20.981178284000066],[105.75923919700006,20.981763840000042],[105.75929260300006,20.980655670000033],[105.76112365700004,20.98064613300005],[105.76197814900007,20.979730606000032],[105.76416778600009,20.98009681700006],[105.76475524900007,20.98290252700008],[105.76612091100009,20.982908249000047],[105.76594543500005,20.984540939000055],[105.76693725600006,20.984752655000023],[105.76731872600004,20.983404160000077],[105.77159881600005,20.985925674000043],[105.77339935300006,20.985042572000054],[105.77544403100006,20.985960007000074],[105.77803802500006,20.984086990000037],[105.78058624300007,20.988327026000036],[105.78155840800008,20.98864093000003],[105.78394317600004,20.98702621500007],[105.78443145800009,20.988901138000074],[105.78660583500005,20.98872184800007],[105.78610229500003,20.987630844000023],[105.78836822500006,20.98686409000004],[105.78798675500008,20.986120224000047],[105.78412628200005,20.986555099000043],[105.78688049300007,20.985584259000063],[105.79292297400008,20.985370636000027],[105.79322814900007,20.98440170300006],[105.79553222700008,20.986013412000034],[105.79666900600006,20.984323502000052],[105.79673004200004,20.983369827000047],[105.79518127400007,20.982204437000064],[105.79545593300008,20.981233597000028],[105.79482269300007,20.98082923900006],[105.79718017600004,20.978059769000026],[105.79860687300004,20.97834205600003],[105.79920959500004,20.97531318700004],[105.79634857200006,20.974777222000057],[105.79655456500006,20.97390365600006],[105.79370117200006,20.97379875200005],[105.79369354200009,20.971202850000054],[105.79063415500008,20.968961716000024],[105.79306030300006,20.967575073000035],[105.79188537600004,20.96573066700006],[105.79291534400005,20.964197159000037],[105.79571533200004,20.963621140000043],[105.80430603000008,20.959032059000037],[105.80213928200004,20.956974030000026],[105.80074310300006,20.95829391500007],[105.79817962600004,20.957612991000076],[105.79747772200005,20.957090378000032],[105.79748535200008,20.955703735000043],[105.79488372800006,20.95494270300003],[105.79392242400007,20.95140647900007],[105.79474639900008,20.950389862000065],[105.79183197000003,20.942464828000027],[105.78849029500009,20.942119598000033],[105.78820037800006,20.940999985000076],[105.78977966300005,20.941072464000058],[105.78986086000003,20.93960052700004],[105.78869628900009,20.93885040300006],[105.78572082500006,20.93952179000007],[105.78626251200006,20.936166763000074],[105.78556060800008,20.933502197000053],[105.78392028800005,20.93107795700007],[105.78136444100005,20.93108367900004],[105.77580261200006,20.92923355100004],[105.77647399900007,20.92737770100007],[105.76873779300007,20.924558640000043],[105.76712036100008,20.922861099000045],[105.76456451400009,20.924793243000067],[105.76479339600007,20.92534637500006],[105.76013183600008,20.928379059000065],[105.76215362500005,20.929883957000072],[105.75788879400005,20.93279075600003],[105.75777435300006,20.93061447100007],[105.75522613500004,20.929845810000074],[105.75457000700004,20.930883408000057],[105.75372314500004,20.929786682000042],[105.75189971900005,20.930698395000036],[105.75151825000006,20.92977714500006],[105.75033569300007,20.93023872400005],[105.74889373800005,20.92626190200008],[105.74993133500004,20.926139832000047],[105.75006103500004,20.925441742000032],[105.75066375700004,20.925945282000043],[105.75128173800005,20.92333602900004],[105.75022888200004,20.923175812000068],[105.75055694600007,20.920799255000077],[105.74849700900006,20.920528412000067],[105.74943289000004,20.916628909000053],[105.74192047100007,20.915369034000037],[105.74191284200003,20.91295814500006],[105.74081420900006,20.91260528600003],[105.73693084700005,20.913478851000036],[105.73467254600007,20.910800934000065],[105.73048400900007,20.91233444200003],[105.72521972700008,20.915893555000025],[105.72364807100007,20.917734146000043],[105.72563171400009,20.918912888000023],[105.72720336900005,20.924472809000065],[105.71911621100008,20.927701950000028],[105.71860504200004,20.92723465000006],[105.71486663800005,20.927562714000032],[105.70794677700007,20.928682327000047],[105.70558929400005,20.931217194000055],[105.70623779300007,20.933465958000056],[105.71032714800003,20.935306549000074],[105.71288299600008,20.93523979200006],[105.72257232700008,20.931221008000023],[105.72464752200005,20.931219101000067],[105.72602844200009,20.92927551300005],[105.72941015600009,20.930621160000044],[105.72660827600004,20.93788337700005],[105.72453308100006,20.940374374000044],[105.72332000700004,20.94000434900005],[105.72299957300004,20.93795013400006],[105.72148132300003,20.935443878000058],[105.71862793000008,20.934381485000074],[105.71448516800007,20.935424805000025],[105.71217346200007,20.937324524000076],[105.71117401100008,20.939315796000074],[105.71150207500006,20.94181633000005],[105.71375274700006,20.944753647000027],[105.72233581500006,20.94882202100007],[105.72528839100005,20.951450348000037],[105.72572326700003,20.95325660700007],[105.72486877400007,20.955394745000035],[105.73033905000005,20.960863113000073],[105.73139190700005,20.959642410000072],[105.73883056600005,20.963743210000075],[105.73942565900006,20.96258163500005],[105.74285125700004,20.963893890000065],[105.74195861800007,20.965320587000065],[105.74114990200007,20.965002060000074],[105.74063110400004,20.965908051000042],[105.74181366000005,20.967027664000057],[105.74145688500005,20.96805954000007],[105.74073291700006,20.96888476400005],[105.73987579300007,20.96867370600006],[105.73886871300004,20.970365524000044],[105.74115753200005,20.973823547000052],[105.74053955100004,20.981510162000063],[105.74178314200009,20.982833862000064],[105.74183654800004,20.984458923000034],[105.73516845700004,20.98623466500004],[105.73281860400004,20.99067497300007],[105.73069763200004,20.990472794000027],[105.72998046900005,20.99173355100004],[105.73157501200006,20.99317741400006],[105.72988891600005,20.99377441400003],[105.73043060300006,20.995292664000033],[105.73528289800004,20.99658203100006],[105.73782348600008,20.996648788000073]]]]},"geometry_name":"the_geom","properties":{"OBJECTID":2517,"Ma":"268","Ten":"Quận Hà Đông","Cap":"Quận","MaTP":"01","Tinh_Thanh":"Thành phố Hà Nội","Name":"Ha Dong District","Province":"Ha Noi City","name":"Hà Đông"}},{"type":"Feature","id":"vietnam_districts.336","geometry":{"type":"MultiPolygon","coordinates":[[[[105.66859436000004,21.23331642200003],[105.67047882100007,21.232860565000067],[105.67199707000009,21.23341178900006],[105.67314147900004,21.236009598000066],[105.67440033000008,21.236694336000028],[105.67542266800007,21.234245300000055],[105.67137146000005,21.230405807000068],[105.67655944800003,21.226926804000072],[105.67927551300005,21.229185104000067],[105.68137359600007,21.234653473000037],[105.68532562300004,21.235448837000035],[105.68866729700005,21.23424911500007],[105.68869781500007,21.232530594000025],[105.68348693800004,21.23184967000003],[105.68272399900007,21.23138046300005],[105.68264770500008,21.230188370000064],[105.68395996100008,21.229701996000074],[105.68730163600009,21.23045539900005],[105.68609619100005,21.226287842000033],[105.68842315700005,21.221952438000073],[105.69029235800008,21.219839096000044],[105.69347381600005,21.22149276700003],[105.69578552200005,21.21603393600003],[105.69822692900004,21.213308334000033],[105.69738769500009,21.218439102000048],[105.69845581100009,21.218921661000024],[105.69863891600005,21.219949722000024],[105.70071411100008,21.22057724000007],[105.70189666700009,21.218612671000074],[105.70329284700006,21.221330643000044],[105.70917511000005,21.21982955900006],[105.71236419700006,21.222484589000032],[105.71360778800005,21.22245025600006],[105.71556854200009,21.224687576000065],[105.71765136700009,21.22288131700003],[105.71874237100008,21.223484039000027],[105.71970367400007,21.224805832000072],[105.71965026900006,21.227685928000028],[105.71849060100004,21.228822708000052],[105.71970367400007,21.230022430000076],[105.72425079300007,21.225324631000035],[105.73140716600005,21.231584549000047],[105.73178100600006,21.231216431000064],[105.73506927500006,21.232944489000033],[105.73805999800004,21.231662750000055],[105.74223327600004,21.231533051000042],[105.75009155300006,21.22799110400007],[105.75216674800004,21.22623252900007],[105.75393676800007,21.22191047700005],[105.75545501700009,21.22179794300007],[105.75811767600004,21.222946167000032],[105.75900434000005,21.221097281000027],[105.75919342000009,21.21703147900007],[105.76052856400008,21.21474456800007],[105.76340484600007,21.213062286000024],[105.76902556000005,21.21409205300006],[105.76992034900007,21.21273422200005],[105.76964569100005,21.209587097000053],[105.77037048300008,21.206689835000077],[105.77131652800006,21.208730698000068],[105.77548980700004,21.203035355000054],[105.77503967300004,21.202613831000065],[105.77729797400008,21.200519562000068],[105.78507109600008,21.198347756000032],[105.78761291500007,21.197000504000073],[105.78890338000008,21.195499596000047],[105.78982543900008,21.190958023000064],[105.79045867900004,21.190622330000053],[105.78941345200008,21.188083649000077],[105.79196929900007,21.18598747300007],[105.78975677500006,21.18206596400006],[105.79090118400006,21.181760788000076],[105.79045105000006,21.180063248000067],[105.78809356700003,21.180156708000027],[105.78792572000003,21.17893219000007],[105.78498840300006,21.179512024000076],[105.78463745100004,21.178049088000023],[105.78371429400005,21.178251266000075],[105.78369140600006,21.17742729200006],[105.78016662600004,21.178600311000025],[105.78012085000006,21.177494049000074],[105.77546691900005,21.17900276200004],[105.77522277800006,21.178226471000073],[105.77407836900005,21.178503036000052],[105.77389526400003,21.177873611000052],[105.77191925000005,21.178216934000034],[105.77077484100005,21.172586441000078],[105.77134704600007,21.169776917000036],[105.77010345500008,21.169496536000054],[105.77207183800004,21.149032593000072],[105.77115631100008,21.147577286000057],[105.77309417700008,21.145217896000077],[105.77343750000006,21.143163681000033],[105.76992034900007,21.14042091400006],[105.76893615700004,21.137990952000052],[105.76621246300004,21.135721207000074],[105.75282287600004,21.134910583000078],[105.75360870400004,21.13376236000005],[105.75327301000004,21.131568909000066],[105.75094604500003,21.13238525400004],[105.75144958500005,21.133831024000074],[105.74968719500004,21.134696960000042],[105.75003051800007,21.137054443000068],[105.74786377000004,21.138082504000067],[105.74600982700008,21.133853912000063],[105.74420166000004,21.134342194000055],[105.74342346200007,21.131795883000052],[105.74214172400008,21.132801056000062],[105.74107360800008,21.128814697000053],[105.73840332000009,21.128360748000034],[105.73908233600008,21.127277374000073],[105.73878479000007,21.125585556000033],[105.73857879600007,21.12512207000003],[105.73697662400008,21.125717163000047],[105.73548889200003,21.123960495000063],[105.73594665500008,21.12190055800005],[105.73336029100005,21.121976852000046],[105.73215484600007,21.12205314600004],[105.73017120400004,21.12626838700004],[105.72772979700005,21.127573013000074],[105.72619628900009,21.130210876000035],[105.72297668500005,21.132450104000043],[105.72211456300005,21.132705688000044],[105.71468353300008,21.12983322100007],[105.71211242700008,21.133735657000045],[105.70911407500006,21.13643455500005],[105.70229339600007,21.139469147000057],[105.69641113300008,21.140781403000062],[105.68513488800005,21.146299362000036],[105.66114807100007,21.14804267900007],[105.65593719500004,21.151224136000053],[105.64472961400008,21.155744553000034],[105.63144683800004,21.171325684000067],[105.62584686300005,21.175533295000037],[105.62673187300004,21.177820206000035],[105.62458038300008,21.179706573000033],[105.62440490700004,21.180723190000037],[105.62564086900005,21.181648254000038],[105.62806701700003,21.18074989300004],[105.62976837200006,21.184068680000053],[105.62528991700003,21.187196732000075],[105.62457275400004,21.193176270000038],[105.62168121300004,21.19481277500006],[105.62280273400006,21.199913025000058],[105.62005615200007,21.201480865000065],[105.61932189800007,21.200762774000054],[105.61869812000003,21.20195579500006],[105.61664581300005,21.202507019000052],[105.61643981900005,21.205749512000068],[105.61505889900008,21.205904007000072],[105.61507415800008,21.207172394000054],[105.61687469500004,21.208681107000075],[105.61830139200003,21.20693016100006],[105.62117767300003,21.205894470000032],[105.62403106700003,21.208724976000042],[105.62855529800004,21.210767746000045],[105.63124084500004,21.208940506000033],[105.63929748500004,21.207397461000028],[105.63946533200004,21.21181678800008],[105.63676452600004,21.21397590600003],[105.63574218700006,21.21581840500005],[105.63581085200008,21.217319489000033],[105.63691711400008,21.21796226500004],[105.64007568400007,21.21749877900004],[105.64233398400006,21.215717316000053],[105.64485931400009,21.215515137000068],[105.65319061300005,21.217733383000052],[105.65821838400007,21.220390320000035],[105.65910339400006,21.223051071000043],[105.65489959700005,21.22745513900003],[105.65386962900004,21.227502823000066],[105.65166473400006,21.225778580000053],[105.64938354500003,21.227005005000024],[105.64521789600008,21.227302551000037],[105.64446258500004,21.234231949000048],[105.64960479700005,21.237464905000024],[105.65276336700003,21.23805236800007],[105.65608978300008,21.234987259000036],[105.65981292700008,21.234704971000042],[105.66348266600005,21.23595619200006],[105.66601562500006,21.23923301700006],[105.66696929900007,21.23957252500003],[105.66860961900005,21.23596191400003],[105.66859436000004,21.23331642200003]]]]},"geometry_name":"the_geom","properties":{"OBJECTID":5338,"Ma":"250","Ten":"Huyện Mê Linh","Cap":"Huyện","MaTP":"01","Tinh_Thanh":"Thành phố Hà Nội","Name":"Me Linh District","Province":"Ha Noi City","name":"Mê Linh"}},{"type":"Feature","id":"vietnam_districts.359","geometry":{"type":"MultiPolygon","coordinates":[[[[105.71211242700008,21.133735657000045],[105.71468353300008,21.12983322100007],[105.72211456300005,21.132705688000044],[105.72297668500005,21.132450104000043],[105.72619628900009,21.130210876000035],[105.72772979700005,21.127573013000074],[105.73017120400004,21.12626838700004],[105.73215484600007,21.12205314600004],[105.73336029100005,21.121976852000046],[105.73513793900008,21.11537170400004],[105.73902130100004,21.111383438000075],[105.74040222200006,21.108003616000076],[105.73699951200007,21.105110168000067],[105.72955322300004,21.099609375000057],[105.72610473600008,21.099201202000074],[105.72492981000005,21.096563339000056],[105.72671508800005,21.09395027200003],[105.72592163100006,21.093446732000075],[105.72584533700007,21.08592414900005],[105.72741699200009,21.083414078000033],[105.72756958000008,21.08156204200003],[105.72611999500003,21.07840728800005],[105.72354126000005,21.076633453000056],[105.72376251200006,21.074655533000055],[105.72003173800005,21.07242775000003],[105.71899414100005,21.074775696000074],[105.71733093300008,21.071714401000065],[105.70900726300005,21.073965073000068],[105.70824432400008,21.071651459000066],[105.70549774200003,21.07213020300003],[105.70514679000007,21.07126236000005],[105.69844055200008,21.074935913000047],[105.70120239300007,21.078155518000074],[105.70129394500009,21.080827713000076],[105.69804382300003,21.082565308000028],[105.69805908200004,21.08346748400004],[105.69726562500006,21.083282471000075],[105.69669342000009,21.08652877800006],[105.69564819300007,21.086017609000066],[105.69133758500004,21.08725547800003],[105.68731689500004,21.090127945000063],[105.68573761000005,21.08971786500007],[105.68022918700007,21.084470749000047],[105.67769622800006,21.084203720000062],[105.67759704600007,21.081508636000024],[105.67977142300003,21.080930710000075],[105.67542266800007,21.076780319000022],[105.67673163800004,21.075192956000024],[105.67213439900007,21.071897507000074],[105.67268371600005,21.070348740000043],[105.67025756800007,21.070207596000046],[105.66897583000008,21.071697235000045],[105.66680145300006,21.072605133000025],[105.66416931200007,21.070398331000035],[105.66416931200007,21.067937851000067],[105.66599273700007,21.068315506000033],[105.66669464100005,21.067516327000078],[105.66364288300008,21.06553077700005],[105.65916442900004,21.07210922200005],[105.65087890600006,21.068197250000026],[105.64828491200007,21.068773270000065],[105.64620208700006,21.070447922000028],[105.64360809300007,21.083375931000035],[105.64717865000006,21.090593338000076],[105.64584350600006,21.093740463000074],[105.64331054700006,21.096418381000035],[105.63924165400005,21.09905157700007],[105.63452148400006,21.100515366000025],[105.63639831500006,21.107021332000045],[105.63825225800008,21.105672836000053],[105.63976287800006,21.10955238300005],[105.63737487800006,21.110176086000024],[105.63759613000008,21.111341476000064],[105.63683319100005,21.111814499000047],[105.63043975800008,21.11320495600006],[105.62442779500009,21.11847305300006],[105.62452697800006,21.120212555000023],[105.62986755400004,21.123777390000043],[105.63057708700006,21.125116348000063],[105.62965393100006,21.127613068000073],[105.62529754600007,21.131801605000078],[105.62329101600005,21.13495826700006],[105.62635040300006,21.14222145100007],[105.62757873500004,21.143404007000072],[105.62814331100009,21.14613723800005],[105.62703704800003,21.16871261600005],[105.62584686300005,21.175533295000037],[105.63144683800004,21.171325684000067],[105.64472961400008,21.155744553000034],[105.65593719500004,21.151224136000053],[105.66114807100007,21.14804267900007],[105.68513488800005,21.146299362000036],[105.69641113300008,21.140781403000062],[105.70229339600007,21.139469147000057],[105.70911407500006,21.13643455500005],[105.71211242700008,21.133735657000045]]]]},"geometry_name":"the_geom","properties":{"OBJECTID":1486,"Ma":"273","Ten":"Huyện Đan Phượng","Cap":"Huyện","MaTP":"01","Tinh_Thanh":"Thành phố Hà Nội","Name":"Dan Phuong District","Province":"Ha Noi City","name":"Đan Phượng"}},{"type":"Feature","id":"vietnam_districts.391","geometry":{"type":"MultiPolygon","coordinates":[[[[105.70988464400006,20.81382560700007],[105.70925903300008,20.809726715000068],[105.70534515400004,20.79991531400003],[105.70542907700008,20.798513412000034],[105.71448516800007,20.787490845000036],[105.71722412100007,20.78293418900006],[105.72548675500008,20.777675629000044],[105.72648620600006,20.773347855000054],[105.72454834000007,20.768341064000026],[105.71284484900008,20.755628586000057],[105.70558166500007,20.751815796000074],[105.69885253900009,20.75165176400003],[105.69766235400004,20.75095939600004],[105.69673919700006,20.746608734000063],[105.69706726100009,20.74275589000007],[105.69812774700006,20.74160766600005],[105.70259094200009,20.742757797000024],[105.70853424100005,20.742303848000063],[105.72035980200008,20.740192413000045],[105.73013305700005,20.737466812000036],[105.73197937000003,20.735986710000077],[105.73359680200008,20.730215073000068],[105.73285675000005,20.726371765000067],[105.73074340800008,20.723730087000035],[105.73089599600007,20.72256279000004],[105.73219299300007,20.721967697000025],[105.73583984400005,20.722301483000024],[105.74092865000006,20.726207733000024],[105.74393463100006,20.72752952600007],[105.75462341300005,20.72848701500004],[105.76087951700003,20.731647491000047],[105.76856994600007,20.727149963000045],[105.77075195300006,20.725149155000054],[105.77088165300006,20.72282600400007],[105.76598358200005,20.721599579000042],[105.76293945300006,20.718923569000026],[105.76228332500006,20.71686935400004],[105.76304626500007,20.706920624000077],[105.76047515900007,20.70130920400004],[105.75608825700004,20.698167801000068],[105.74502563500005,20.696107864000055],[105.74293518100006,20.694257736000054],[105.74279022200005,20.69120788600003],[105.74600982700008,20.687219620000064],[105.75893402100007,20.67764091500004],[105.77025604200009,20.67030715900006],[105.78251647900004,20.65959930400004],[105.79202270500008,20.646831512000063],[105.79475402800006,20.64504432700005],[105.80066680900006,20.642837524000072],[105.80262756300004,20.640808105000076],[105.80357360800008,20.63752555800005],[105.80305481000005,20.634214401000065],[105.79726409900007,20.628965378000032],[105.79288482700008,20.627525330000026],[105.78021240200007,20.626844406000032],[105.77774047900004,20.62546539300007],[105.77739715600006,20.62379074100005],[105.78012085000006,20.622537613000077],[105.78500366200007,20.618001938000077],[105.79150390600006,20.615726471000073],[105.79559326200007,20.612649918000045],[105.79817199700005,20.611782074000075],[105.80341339100005,20.61270141600005],[105.80479431200007,20.615629196000043],[105.80661773700007,20.61710929900005],[105.81099700900006,20.618917465000038],[105.81293487500005,20.618700027000045],[105.81256866500007,20.616477966000048],[105.80685424800004,20.612129211000024],[105.80581665000005,20.610385895000036],[105.80602264400005,20.60848426800004],[105.80735778800005,20.606636047000052],[105.80610656700009,20.600961685000073],[105.80113220200008,20.592679977000046],[105.80039215100004,20.58342742900004],[105.79545593300008,20.567941666000024],[105.78377533000008,20.566303253000058],[105.78191375700004,20.56517982500003],[105.77964019800004,20.566194534000033],[105.77767181400009,20.564624786000024],[105.76897430400004,20.564474106000034],[105.76777648900008,20.56977844200003],[105.76517486600005,20.575500488000046],[105.75506591800007,20.58506965600003],[105.75311279300007,20.588897705000022],[105.74749755900007,20.592115402000047],[105.74362945600006,20.598552704000042],[105.73934936500007,20.59821701000004],[105.73242950400004,20.599821091000024],[105.72717285200008,20.604591370000037],[105.72170257600004,20.596069336000028],[105.70980835000006,20.599353790000066],[105.70830535900006,20.598831177000022],[105.70431518600009,20.60215377800006],[105.70410156200006,20.60323143000005],[105.70570373500004,20.605381012000066],[105.70490264900008,20.607172012000035],[105.70558929400005,20.608955383000023],[105.70401001000005,20.610546112000065],[105.70455169700006,20.61245346100003],[105.70391845700004,20.613098145000038],[105.70395660400004,20.61655998200007],[105.70133972200006,20.621467590000066],[105.69909668000008,20.62191581700006],[105.69823455800008,20.620161057000075],[105.69671630900007,20.619449615000065],[105.69171905500008,20.622112274000074],[105.68811798100006,20.618787766000025],[105.68692779500009,20.616050720000032],[105.68487548800005,20.616708755000047],[105.68291473400006,20.616268158000025],[105.68207550000005,20.61828804000004],[105.67952728300008,20.616970062000064],[105.67781066900005,20.617307663000076],[105.67698669400005,20.616052628000034],[105.67481231700003,20.617622375000053],[105.67283630400004,20.616420746000074],[105.66894531200006,20.617622375000053],[105.66703033400006,20.61698913600003],[105.66620636000005,20.617929459000038],[105.66603851300005,20.621723175000056],[105.66725158700007,20.623521805000053],[105.66593933100006,20.624450684000067],[105.66390228300008,20.628154755000025],[105.66587829600007,20.629859924000073],[105.66875457800006,20.629024506000064],[105.67082214400006,20.632303238000077],[105.67207336400008,20.632061005000025],[105.67343139600007,20.62918853800005],[105.67748260500008,20.629810333000023],[105.67842865000006,20.62847709700003],[105.68254089400006,20.630710602000022],[105.68490600600006,20.632968903000062],[105.68345642100007,20.635187149000046],[105.68679809600008,20.63775062600007],[105.68235015900007,20.640367508000054],[105.68066406200006,20.642383575000053],[105.67890167200005,20.646564484000066],[105.68125152600004,20.65231323200004],[105.67953491200007,20.654413223000063],[105.68038177500006,20.655839920000062],[105.67863464400006,20.659660339000027],[105.67897033700007,20.660737991000076],[105.68053436300005,20.661773682000046],[105.67803955100004,20.666521072000023],[105.67853546100008,20.667778015000067],[105.67944335900006,20.66769981400006],[105.67958068800004,20.66959762600004],[105.67872619600007,20.67118263200007],[105.67741394000006,20.671752930000025],[105.67650604200009,20.667613983000024],[105.67728424100005,20.667522430000076],[105.67713165300006,20.665134430000023],[105.67618560800008,20.665105820000065],[105.67647552500006,20.664197922000028],[105.67520141600005,20.663599014000056],[105.67487335200008,20.665002823000066],[105.67369842500005,20.66482925400004],[105.67216491700003,20.668012619000024],[105.67369079600007,20.67028999300004],[105.67189788800005,20.672380447000023],[105.67086792000003,20.67515945400004],[105.66945648200004,20.675922394000054],[105.67001342800006,20.67702674900005],[105.66976165800008,20.679870605000076],[105.67220306400009,20.68021774300007],[105.67315673800005,20.681375504000073],[105.67403411900005,20.681259155000077],[105.67457580600006,20.680164337000065],[105.67575836200007,20.68082809400005],[105.67681121800007,20.68284797700005],[105.68022155800008,20.68345832800003],[105.68402862500005,20.69273757900004],[105.68233490000006,20.699039459000062],[105.67923736600005,20.700485229000037],[105.67487335200008,20.70491409300007],[105.66786193800004,20.71428108200007],[105.66484069800003,20.71728515600006],[105.66156768800005,20.723426819000053],[105.66336059600008,20.72865295400004],[105.66653442400008,20.73408317600007],[105.66072845500008,20.73950958300003],[105.65782165500008,20.741338730000052],[105.65463256800007,20.747493744000053],[105.64971160900006,20.760818481000058],[105.65003967300004,20.764280319000022],[105.64879608200005,20.766561508000052],[105.64962005600006,20.77644538900006],[105.64833068800004,20.784179687000062],[105.64864349400005,20.790609360000076],[105.64809417700008,20.793676376000064],[105.65066528300008,20.79404830900006],[105.64967346200007,20.80948638900003],[105.64852142300003,20.81416702300004],[105.65416717500005,20.814067841000053],[105.65691375700004,20.814725876000068],[105.66394805900006,20.813175201000035],[105.66432189900007,20.814477921000048],[105.66262054400005,20.815166473000033],[105.66354370100004,20.81520462000003],[105.66745758100006,20.81270217900004],[105.66855621300004,20.813800812000068],[105.66780090300006,20.81571579000007],[105.66936492900004,20.81433677700005],[105.66972351100009,20.81618499800004],[105.67176055900006,20.81377029400005],[105.67384338400007,20.814685822000058],[105.67806243900009,20.81469535800005],[105.68102264400005,20.814020157000073],[105.68116760300006,20.81276512100004],[105.68205261200006,20.812858582000047],[105.68180847200006,20.814142227000048],[105.68613433800004,20.814073563000022],[105.68629455600006,20.812810898000066],[105.69373321500007,20.81250381500007],[105.69509124800004,20.81435203600006],[105.69523620600006,20.81587410000003],[105.69739532500006,20.815807343000074],[105.69933319100005,20.819105148000062],[105.69653320300006,20.82492256200004],[105.69724273700007,20.82647514300004],[105.69702911400009,20.828418732000046],[105.70711517300003,20.828907013000048],[105.70717620800008,20.829801559000032],[105.70968627900004,20.83002281200004],[105.71051788300008,20.826606750000053],[105.70743560800008,20.82548713700004],[105.70675659200003,20.82425308200004],[105.70732116700003,20.818876266000075],[105.70988464400006,20.81382560700007]]]]},"geometry_name":"the_geom","properties":{"OBJECTID":852,"Ma":"282","Ten":"Huyện Mỹ Đức","Cap":"Huyện","MaTP":"01","Tinh_Thanh":"Thành phố Hà Nội","Name":"My Duc District","Province":"Ha Noi City","name":"Mỹ Đức"}},{"type":"Feature","id":"vietnam_districts.562","geometry":{"type":"MultiPolygon","coordinates":[[[[105.79277038600009,20.93845176700006],[105.79635620100004,20.93931961100003],[105.79830169700006,20.938377380000077],[105.79891204800003,20.93895530700007],[105.79930095700007,20.938645628000074],[105.79839325000006,20.93680954000007],[105.79964447000003,20.935623169000053],[105.80164337200006,20.93570709200003],[105.80162821700009,20.934174582000026],[105.79915618900009,20.93429184000007],[105.79763031000005,20.93081474300004],[105.79148864700005,20.92694091800007],[105.79077911400009,20.92446136500007],[105.79170227100008,20.921531677000075],[105.78936767600004,20.91942215000006],[105.79104614300007,20.91552352900004],[105.79457855200008,20.91502189600004],[105.79524993900009,20.912847519000024],[105.79694366500007,20.911916733000055],[105.79803466800007,20.913112640000065],[105.80312347400007,20.91251182600007],[105.80332183800004,20.910957336000024],[105.80454254200004,20.909605026000065],[105.80687713600008,20.909803391000025],[105.81568908700007,20.902654648000066],[105.81620788600009,20.899486542000034],[105.81266784700006,20.89812851000005],[105.81266021700009,20.897010803000057],[105.81495666500007,20.89545059200003],[105.81282806400009,20.895259857000042],[105.81269836400008,20.893121719000078],[105.81420135500008,20.88681602500003],[105.81566430500004,20.88602561500005],[105.81407165500008,20.879787445000034],[105.81594085700004,20.879207611000027],[105.81540679900007,20.878087997000023],[105.81675720200008,20.874059677000048],[105.81533050500008,20.87172508200007],[105.81559753400006,20.870302200000026],[105.81893158000008,20.870592117000058],[105.82405853300008,20.869829178000032],[105.82245636000005,20.866125107000073],[105.82443479700004,20.86155704300006],[105.82060241700003,20.860361099000045],[105.82078552200005,20.859102249000046],[105.81943512000004,20.85852241500004],[105.81986236600005,20.857141495000064],[105.82224273700007,20.856559753000056],[105.82139587400007,20.85392570500005],[105.82357788100006,20.84156036400003],[105.82183075000006,20.841121674000078],[105.82408142100007,20.83724594100005],[105.82711792000003,20.83438682600007],[105.82810974100005,20.831819534000033],[105.82778167700008,20.830259323000064],[105.82915496800007,20.827413559000036],[105.82727813700006,20.82769012500006],[105.83029174800004,20.825365067000064],[105.83764648400006,20.823947906000058],[105.83647155800008,20.821729660000074],[105.83675384500003,20.817514420000066],[105.84146118200005,20.814922333000027],[105.84127044700006,20.81392097500003],[105.83917236300005,20.81420898400006],[105.83861541700009,20.811519623000038],[105.83931732200006,20.811510086000055],[105.83973693800004,20.809906006000062],[105.83876037600004,20.805084229000045],[105.83689117400007,20.804937363000022],[105.83684539800004,20.80040931700006],[105.83415222200006,20.800558090000038],[105.83275604200009,20.800638199000048],[105.83171844500004,20.80623626700003],[105.82626342800006,20.805660248000038],[105.82375335700004,20.806470871000045],[105.81709289600008,20.804416656000058],[105.82080078100006,20.79505348200007],[105.81869506800007,20.794149399000048],[105.81409027300003,20.801914273000023],[105.80996704100005,20.798778534000064],[105.81052398700007,20.797727585000075],[105.80883026100008,20.796785355000054],[105.80991363500004,20.794775009000034],[105.80844879200004,20.792253494000022],[105.81110382100007,20.787847519000024],[105.80666351300005,20.780220032000045],[105.79515075700004,20.783708572000023],[105.79107666000004,20.78623580900006],[105.78852844200009,20.789300919000027],[105.78585815400004,20.789060593000045],[105.78464508100006,20.791761398000062],[105.78248596200007,20.791362762000063],[105.78149414100005,20.789291382000044],[105.78021240200007,20.788831711000057],[105.77846527100007,20.79037094100005],[105.77690887500006,20.790567398000064],[105.77626037600004,20.79045867900004],[105.77585601800007,20.788000107000073],[105.76865387000004,20.788154602000077],[105.76690689800006,20.782963642000027],[105.76587677000003,20.78232765200005],[105.76440429700006,20.783430099000043],[105.76518249500003,20.784334183000055],[105.76383972200006,20.78541946400003],[105.76448059100005,20.786428452000052],[105.76325225800008,20.787025452000023],[105.76373291000004,20.787984848000065],[105.75969696000004,20.790254593000043],[105.75743600600003,20.787366204000023],[105.75457763700007,20.79142570500005],[105.75311279300007,20.790376663000075],[105.75130462600004,20.792634964000058],[105.74900817900004,20.79144668600003],[105.74847412100007,20.791898727000046],[105.74543762200005,20.788887024000076],[105.74150085400004,20.791395187000035],[105.74163818400007,20.792018890000065],[105.73845672600004,20.793262482000046],[105.73934173600009,20.797000885000045],[105.73500061000004,20.809110641000075],[105.74152374300007,20.80562019300004],[105.74389648400006,20.805164337000065],[105.74662780800008,20.806999207000047],[105.74950408900008,20.81030845600003],[105.75505065900006,20.813396454000042],[105.75533294700006,20.81452179000007],[105.75273895300006,20.819522858000028],[105.75325775100004,20.82412338300003],[105.75556182900004,20.828315735000047],[105.76056671100008,20.83344459500006],[105.76131439200009,20.83582115200005],[105.76103973400006,20.83695220900006],[105.75995636000005,20.837316513000076],[105.73983764600007,20.83665657000006],[105.73379516600005,20.840620041000022],[105.73422241200007,20.84317779500003],[105.73697662400008,20.845365524000044],[105.74241638200004,20.846624374000044],[105.75022125200007,20.84665489200006],[105.75531768800005,20.847929001000068],[105.75627899200003,20.848819733000028],[105.75643158000008,20.85066413900006],[105.75531005900007,20.85272789000004],[105.75075531000005,20.85602188100006],[105.74167633100006,20.85925865200005],[105.73650360100004,20.86280632000006],[105.73180389400005,20.86696624800004],[105.72866821300005,20.872041702000047],[105.72844696000004,20.874752045000037],[105.72908020000006,20.87594986000005],[105.73437500000006,20.87300872800006],[105.73657989500003,20.874019623000038],[105.73776245100004,20.87549400300003],[105.73897552500006,20.879720688000077],[105.73912048300008,20.886396408000053],[105.73687744100005,20.891052246000072],[105.73586273200004,20.89226913500005],[105.73060607900004,20.89388847400005],[105.72686004600007,20.89325714100005],[105.72676849400005,20.897073746000046],[105.72512054400005,20.898305893000042],[105.73044586200007,20.907197952000047],[105.73467254600007,20.910800934000065],[105.73693084700005,20.913478851000036],[105.74081420900006,20.91260528600003],[105.74191284200003,20.91295814500006],[105.74192047100007,20.915369034000037],[105.74943289000004,20.916628909000053],[105.74849700900006,20.920528412000067],[105.75055694600007,20.920799255000077],[105.75022888200004,20.923175812000068],[105.75128173800005,20.92333602900004],[105.75066375700004,20.925945282000043],[105.75006103500004,20.925441742000032],[105.74993133500004,20.926139832000047],[105.74889373800005,20.92626190200008],[105.75033569300007,20.93023872400005],[105.75151825000006,20.92977714500006],[105.75189971900005,20.930698395000036],[105.75372314500004,20.929786682000042],[105.75457000700004,20.930883408000057],[105.75522613500004,20.929845810000074],[105.75777435300006,20.93061447100007],[105.75788879400005,20.93279075600003],[105.76215362500005,20.929883957000072],[105.76013183600008,20.928379059000065],[105.76479339600007,20.92534637500006],[105.76456451400009,20.924793243000067],[105.76712036100008,20.922861099000045],[105.76873779300007,20.924558640000043],[105.77647399900007,20.92737770100007],[105.77580261200006,20.92923355100004],[105.78136444100005,20.93108367900004],[105.78392028800005,20.93107795700007],[105.78556060800008,20.933502197000053],[105.78626251200006,20.936166763000074],[105.78572082500006,20.93952179000007],[105.78869628900009,20.93885040300006],[105.78986086000003,20.93960052700004],[105.79277038600009,20.93845176700006]]]]},"geometry_name":"the_geom","properties":{"OBJECTID":5540,"Ma":"278","Ten":"Huyện Thanh Oai","Cap":"Huyện","MaTP":"01","Tinh_Thanh":"Thành phố Hà Nội","Name":"Thanh Oai District","Province":"Ha Noi City","name":"Thanh Oai"}},{"type":"Feature","id":"vietnam_districts.444","geometry":{"type":"MultiPolygon","coordinates":[[[[105.69537353500004,20.962272644000052],[105.69351959200009,20.957109451000065],[105.69438934300007,20.955251694000026],[105.69609832800006,20.95515251200004],[105.69703674300007,20.956270218000043],[105.69960022000004,20.955707550000056],[105.70108795200008,20.957246780000048],[105.70423126200006,20.956735611000056],[105.70463562000003,20.95777511600005],[105.70717620800008,20.956258774000048],[105.70922088600008,20.957876205000048],[105.71210479700005,20.955276489000028],[105.71414947500006,20.956066132000046],[105.71598815900006,20.955722809000065],[105.72528839100005,20.951450348000037],[105.72233581500006,20.94882202100007],[105.71375274700006,20.944753647000027],[105.71150207500006,20.94181633000005],[105.71117401100008,20.939315796000074],[105.71217346200007,20.937324524000076],[105.71448516800007,20.935424805000025],[105.71862793000008,20.934381485000074],[105.72148132300003,20.935443878000058],[105.72299957300004,20.93795013400006],[105.72332000700004,20.94000434900005],[105.72453308100006,20.940374374000044],[105.72660827600004,20.93788337700005],[105.72941015600009,20.930621160000044],[105.72602844200009,20.92927551300005],[105.72464752200005,20.931219101000067],[105.72257232700008,20.931221008000023],[105.71288299600008,20.93523979200006],[105.71032714800003,20.935306549000074],[105.70623779300007,20.933465958000056],[105.70558929400005,20.931217194000055],[105.70794677700007,20.928682327000047],[105.71486663800005,20.927562714000032],[105.71860504200004,20.92723465000006],[105.71911621100008,20.927701950000028],[105.72720336900005,20.924472809000065],[105.72563171400009,20.918912888000023],[105.72364807100007,20.917734146000043],[105.72521972700008,20.915893555000025],[105.73048400900007,20.91233444200003],[105.73467254600007,20.910800934000065],[105.73044586200007,20.907197952000047],[105.72512054400005,20.898305893000042],[105.72676849400005,20.897073746000046],[105.72686004600007,20.89325714100005],[105.73060607900004,20.89388847400005],[105.73586273200004,20.89226913500005],[105.73687744100005,20.891052246000072],[105.73912048300008,20.886396408000053],[105.73897552500006,20.879720688000077],[105.73776245100004,20.87549400300003],[105.73657989500003,20.874019623000038],[105.73437500000006,20.87300872800006],[105.72908020000006,20.87594986000005],[105.72844696000004,20.874752045000037],[105.72866821300005,20.872041702000047],[105.73180389400005,20.86696624800004],[105.73650360100004,20.86280632000006],[105.74167633100006,20.85925865200005],[105.75075531000005,20.85602188100006],[105.75531005900007,20.85272789000004],[105.75643158000008,20.85066413900006],[105.75627899200003,20.848819733000028],[105.75531768800005,20.847929001000068],[105.75022125200007,20.84665489200006],[105.74241638200004,20.846624374000044],[105.73697662400008,20.845365524000044],[105.73422241200007,20.84317779500003],[105.73379516600005,20.840620041000022],[105.73983764600007,20.83665657000006],[105.75995636000005,20.837316513000076],[105.76103973400006,20.83695220900006],[105.76131439200009,20.83582115200005],[105.76056671100008,20.83344459500006],[105.75556182900004,20.828315735000047],[105.75325775100004,20.82412338300003],[105.75273895300006,20.819522858000028],[105.75533294700006,20.81452179000007],[105.75505065900006,20.813396454000042],[105.74950408900008,20.81030845600003],[105.74662780800008,20.806999207000047],[105.74389648400006,20.805164337000065],[105.74152374300007,20.80562019300004],[105.73500061000004,20.809110641000075],[105.73218536400009,20.809131622000052],[105.72814941400009,20.807659149000074],[105.72580719000007,20.807542801000068],[105.71289062500006,20.808757782000043],[105.70925903300008,20.809726715000068],[105.70988464400006,20.81382560700007],[105.70732116700003,20.818876266000075],[105.70675659200003,20.82425308200004],[105.70743560800008,20.82548713700004],[105.71051788300008,20.826606750000053],[105.70968627900004,20.83002281200004],[105.70717620800008,20.829801559000032],[105.70711517300003,20.828907013000048],[105.69702911400009,20.828418732000046],[105.69724273700007,20.82647514300004],[105.69653320300006,20.82492256200004],[105.69933319100005,20.819105148000062],[105.69739532500006,20.815807343000074],[105.69523620600006,20.81587410000003],[105.69509124800004,20.81435203600006],[105.69373321500007,20.81250381500007],[105.68629455600006,20.812810898000066],[105.68613433800004,20.814073563000022],[105.68180847200006,20.814142227000048],[105.68205261200006,20.812858582000047],[105.68116760300006,20.81276512100004],[105.68102264400005,20.814020157000073],[105.67806243900009,20.81469535800005],[105.67384338400007,20.814685822000058],[105.67176055900006,20.81377029400005],[105.66972351100009,20.81618499800004],[105.66936492900004,20.81433677700005],[105.66780090300006,20.81571579000007],[105.66855621300004,20.813800812000068],[105.66745758100006,20.81270217900004],[105.66354370100004,20.81520462000003],[105.66262054400005,20.815166473000033],[105.66432189900007,20.814477921000048],[105.66394805900006,20.813175201000035],[105.65691375700004,20.814725876000068],[105.65416717500005,20.814067841000053],[105.64852142300003,20.81416702300004],[105.64967346200007,20.80948638900003],[105.65066528300008,20.79404830900006],[105.64809417700008,20.793676376000064],[105.64175415000005,20.79264450100004],[105.63702392600004,20.793085098000063],[105.63612365700004,20.79392623900003],[105.63292694100005,20.792675018000068],[105.63059234600007,20.793500900000026],[105.63323974600007,20.795906067000033],[105.63111877400007,20.797313690000067],[105.63285064700005,20.79889679000007],[105.63299560500008,20.80047226000005],[105.63449096700003,20.800899506000064],[105.63464355500008,20.80196380600006],[105.63262176500007,20.803110123000067],[105.63330078100006,20.805004120000035],[105.63246154800004,20.80576705900006],[105.63301086400008,20.80662727400005],[105.63241577100007,20.809305191000078],[105.63059234600007,20.81091499300004],[105.63194274900007,20.811590195000065],[105.63199615500008,20.813989639000056],[105.63059997600004,20.814060211000026],[105.63045501700009,20.815919876000066],[105.62789917000003,20.815633774000048],[105.62779235800008,20.814828873000067],[105.62709808300008,20.81491851800007],[105.62709808300008,20.815687180000054],[105.63088226300005,20.817331314000057],[105.63201141400003,20.820032120000064],[105.63038635300006,20.82103157000006],[105.63256835900006,20.82103157000006],[105.63322448700006,20.822301865000043],[105.63529968300008,20.82231521600005],[105.63835144000006,20.824785233000057],[105.63972473100006,20.82432556200007],[105.64034730800006,20.822579864000033],[105.64214325000006,20.827466965000042],[105.64160156200006,20.828603745000066],[105.63925170900006,20.829065323000066],[105.63861846900005,20.830291748000036],[105.63647460900006,20.830793381000035],[105.63521575900006,20.833162308000055],[105.63596344000007,20.835512161000054],[105.63510131800007,20.836517334000064],[105.63644409200003,20.839317322000056],[105.63206481900005,20.837736130000053],[105.63208007800006,20.832111359000066],[105.63350677500006,20.83063697800003],[105.63059997600004,20.82943534900005],[105.62872314500004,20.831871033000027],[105.62609100300006,20.832611084000064],[105.62497711200007,20.831766129000073],[105.62221527100007,20.83189582800003],[105.61773681600005,20.83043861400006],[105.61954498300008,20.83185005200005],[105.61614990200007,20.831756592000033],[105.61515045200008,20.834426880000024],[105.61342620800008,20.83603477500003],[105.61193847700008,20.835920334000036],[105.60880279500009,20.838232040000037],[105.60625457800006,20.837921143000074],[105.60411071800007,20.83872222900004],[105.60303497300004,20.83806800800005],[105.60053253200005,20.841146469000023],[105.59815216100009,20.841979980000076],[105.59766387900004,20.840925217000063],[105.59636688200004,20.841730118000044],[105.59698486300005,20.83947181700006],[105.59675598100006,20.83531570400004],[105.59800720200008,20.83384513900006],[105.59563446000004,20.83098983800005],[105.58914184600008,20.831098557000075],[105.58728027300003,20.82750320400004],[105.58819580100004,20.82071304300007],[105.58496856700003,20.81888771100006],[105.58406066900005,20.817562103000057],[105.58353424100005,20.81189727800006],[105.58154883900005,20.811646548000056],[105.57601925900008,20.80831213400006],[105.57123096200007,20.80838480600005],[105.56554095900009,20.80630220200004],[105.55932072800005,20.806768568000052],[105.55866169200004,20.806307098000048],[105.55965554000005,20.80593040800005],[105.55965267000005,20.805173344000025],[105.55814807100006,20.80364134100006],[105.55740589000004,20.803839142000072],[105.55801326200009,20.80518621300007],[105.55641719100004,20.804917189000037],[105.55604906400004,20.806111308000027],[105.55525207500006,20.806016922000026],[105.55892944300007,20.81077194200003],[105.56021118200005,20.818685532000075],[105.56173706100009,20.82076263400006],[105.56460571300005,20.82183837900004],[105.57474517800006,20.822257996000076],[105.57963562000003,20.826633453000056],[105.57930755600006,20.828027725000027],[105.58067321800007,20.831655502000046],[105.58029174800004,20.835910797000054],[105.58326721200007,20.837570190000065],[105.58349609400005,20.83882522600004],[105.58638763400006,20.840568542000028],[105.58519744900008,20.841772079000066],[105.58532714800003,20.842592239000055],[105.58719635000006,20.843141556000035],[105.58791351300005,20.845550537000065],[105.58718872100008,20.845623016000047],[105.58638000500008,20.844408035000072],[105.58546447800006,20.845104218000074],[105.58645629900008,20.847528458000056],[105.58475494400005,20.848402023000062],[105.58474731400008,20.852659225000025],[105.58389282200005,20.856122971000048],[105.58466339100005,20.857929230000025],[105.58255004900008,20.859222412000065],[105.58117675800008,20.858051300000056],[105.58011627200005,20.85807800300006],[105.57841491700003,20.85999107400005],[105.57943725600006,20.861282349000078],[105.57544708300009,20.86429786700006],[105.57529449500004,20.86727905300006],[105.57309722900004,20.868932724000047],[105.57160186800007,20.868740082000045],[105.56901550300006,20.871051788000045],[105.56901550300006,20.87195777900007],[105.56628418000008,20.87272071800004],[105.56542205800008,20.874589920000062],[105.56402587900004,20.874679565000065],[105.56354522700008,20.87593460100004],[105.56143188500005,20.875484467000035],[105.56172943100006,20.876174927000022],[105.55953216600005,20.87735557600007],[105.55990600600006,20.878179550000027],[105.55901336700003,20.878715515000067],[105.55923461900005,20.879423141000075],[105.56012725800008,20.879449844000078],[105.55932617200006,20.88108444200003],[105.55462646500007,20.879360199000075],[105.55386352500005,20.879957199000046],[105.55391693100006,20.882188797000026],[105.55287933300008,20.882558823000068],[105.55124664300007,20.881132126000068],[105.55075073200004,20.878719330000024],[105.54835510300006,20.878992081000035],[105.54414367700008,20.876699448000068],[105.54325866700003,20.877645493000045],[105.54386901900006,20.879173279000042],[105.54315185500008,20.88172340400007],[105.54577636700009,20.882026672000052],[105.55417633100006,20.886716843000045],[105.55532074000007,20.886320114000057],[105.55661773700007,20.88807487500003],[105.55665440200005,20.889282281000078],[105.55812835700004,20.890251160000048],[105.55934906000005,20.890016556000035],[105.56140899700006,20.897190094000052],[105.56250000000006,20.897006989000033],[105.56335449200009,20.895139694000022],[105.56456756600005,20.896560669000053],[105.56393432600004,20.898162842000033],[105.56637573200004,20.899591446000045],[105.56834411600005,20.90187454200003],[105.56732940700005,20.903415680000023],[105.56842041000004,20.911006927000074],[105.57215118400006,20.913719177000075],[105.57519531200006,20.913516998000034],[105.57602691700004,20.914449692000062],[105.57925331300004,20.915545449000035],[105.58211517300003,20.912237167000058],[105.58131408700007,20.910417557000073],[105.58181762700008,20.90998268100003],[105.58282470700004,20.910976410000046],[105.58482360800008,20.910339355000076],[105.58740997300004,20.911323547000052],[105.58843994100005,20.913093567000033],[105.59157562300004,20.913105011000027],[105.59108734100005,20.91151428200004],[105.59259033200004,20.91119384800004],[105.59279632600004,20.912919998000064],[105.59397125200007,20.913879395000038],[105.59743499800004,20.913097382000046],[105.59745025600006,20.918054581000035],[105.60219574000007,20.918571472000053],[105.60102081300005,20.921031952000078],[105.60166168200004,20.922416687000066],[105.60402679400005,20.92259407000006],[105.60565185500008,20.924179077000076],[105.60909271200006,20.923524857000075],[105.61480712900004,20.926055908000023],[105.61528778100006,20.928476334000038],[105.61248016400003,20.931844711000053],[105.61462402300003,20.93333244300004],[105.61583709700005,20.932596207000074],[105.61696624800004,20.930353165000042],[105.61882782000004,20.930721283000025],[105.62022399900007,20.932912827000052],[105.61847686800007,20.934190750000027],[105.61800384500003,20.936384201000067],[105.62342834500004,20.938293457000043],[105.62218475300006,20.93981552100007],[105.62589263900009,20.941064835000077],[105.62631225600006,20.94312286400003],[105.63089752200005,20.947320938000075],[105.63049316400009,20.948362350000025],[105.63272857700008,20.949745178000057],[105.63365173300008,20.954948425000055],[105.63562774700006,20.95502281200004],[105.63498687700007,20.95403480500005],[105.63853454600007,20.95412254300004],[105.63830566400009,20.952939987000036],[105.64273071300005,20.95409965500005],[105.64495086700003,20.951929092000057],[105.64504974100004,20.951003103000062],[105.65176391600005,20.951629639000032],[105.66276550300006,20.948930740000037],[105.67645263700007,20.951503754000044],[105.67848968500005,20.950748444000055],[105.67994689900007,20.954130173000067],[105.68310546900005,20.955314636000026],[105.68273162800006,20.957916260000047],[105.68653392100003,20.95864963100007],[105.68615722700008,20.96123695400007],[105.69023895300006,20.962474823000036],[105.69226074200009,20.961606979000067],[105.69509124800004,20.96472740200005],[105.69579315200008,20.964443207000045],[105.69537353500004,20.962272644000052]]]]},"geometry_name":"the_geom","properties":{"OBJECTID":5167,"Ma":"277","Ten":"Huyện Chương Mỹ","Cap":"Huyện","MaTP":"01","Tinh_Thanh":"Thành phố Hà Nội","Name":"Chuong My District","Province":"Ha Noi City","name":"Chương Mỹ"}}]}